SA2 (EN),Separate house,"Semi-detached, row or terrace house, townhouse etc. with one storey","Semi-detached, row or terrace house, townhouse etc. with two or more storeys",Flat or apartment in a one or two storey block,Flat or apartment in a three storey block,Flat or apartment in a four to eight storey block,Flat or apartment in a nine or more storey block,Flat or apartment attached to a house,Caravan,"Cabin, houseboat","Improvised home, tent, sleepers out","House or flat attached to a shop, office, etc.",Not stated,Not applicable,Total
301011001,5829,231,103,118,0,0,0,14,0,0,6,0,5,0,6303
301011002,2370,14,152,0,0,0,0,20,0,0,3,0,4,0,2564
301011003,4852,445,182,231,47,18,0,14,0,0,0,0,13,4,5806
301011004,5563,563,912,68,12,93,0,19,95,5,10,0,6,5,7339
301011005,1079,134,435,25,0,0,0,3,48,0,0,0,0,0,1728
301011006,3916,25,294,202,0,3,0,4,0,0,0,0,0,0,4451
301021007,4281,710,777,684,242,537,0,13,0,5,10,0,3,11,7270
301021008,1894,327,244,65,26,0,0,3,0,0,0,0,0,3,2568
301021009,6089,168,48,124,0,50,0,16,0,0,4,0,7,0,6506
301021011,2713,4,0,0,0,0,0,11,0,0,0,0,4,4,2732
301021012,5861,267,559,15,45,0,0,4,0,17,0,0,5,4,6783
301021013,4989,993,44,163,53,0,0,9,0,0,9,0,0,5,6254
301021550,1492,53,93,171,53,9,0,14,34,17,17,12,13,14,1978
301021551,5422,0,0,5,0,0,0,0,18,13,12,3,17,0,5500
301031014,18,0,0,0,0,0,0,0,0,0,0,0,4,0,14
301031015,2487,198,150,110,184,37,0,5,0,135,3,0,4,8,3328
301031016,3644,346,552,37,0,0,0,5,0,0,0,0,0,0,4582
301031017,1378,3,308,3,149,57,0,4,0,5,0,0,0,0,1914
301031018,2868,61,566,87,0,0,0,3,0,0,0,4,5,0,3603
301031019,2629,56,426,0,0,0,0,7,0,0,0,0,0,0,3125
301031020,4359,250,560,436,285,302,14,9,0,0,5,3,9,7,6243
301031021,4836,242,840,277,0,0,0,10,0,0,0,0,11,11,6226
302011022,2706,0,156,4,0,0,0,12,0,0,0,0,0,0,2882
302011023,3156,202,279,19,0,0,0,0,0,0,3,0,3,0,3658
302011024,2589,319,891,37,0,0,0,0,0,0,0,0,0,7,3851
302011025,2691,79,1052,275,310,27,0,6,0,0,0,0,9,0,4450
302011026,2453,12,273,83,76,0,0,0,0,0,0,0,0,0,2903
302021027,3874,849,478,29,0,0,0,0,93,128,0,0,5,3,5465
302021028,1303,144,1043,683,627,989,1277,0,0,0,0,0,11,14,6095
302021029,2328,0,52,98,36,0,0,0,0,0,0,0,0,0,2513
302021030,1662,0,14,40,6,0,0,5,0,0,0,0,5,0,1734
302021031,3644,86,586,758,1071,278,0,9,0,0,0,0,0,0,6440
302021032,2164,46,269,311,469,19,0,3,0,0,0,0,7,4,3282
302021033,2622,32,49,4,84,0,0,5,0,0,0,0,0,0,2793
302021034,3665,17,98,92,122,0,0,0,0,0,0,0,0,0,3998
302031035,3099,109,388,32,0,0,121,9,0,0,0,0,4,4,3762
302031036,13,0,0,0,0,0,0,0,0,0,0,5,10,5,38
302031037,151,0,47,5,0,975,189,0,0,0,0,0,0,0,1369
302031038,2053,71,386,310,178,0,0,0,0,0,0,5,7,6,3018
302031039,3669,21,287,23,68,28,0,8,0,0,0,3,9,5,4118
302031040,1586,127,982,1315,1605,1103,463,3,0,0,0,3,7,8,7194
302041041,5627,193,376,234,0,0,0,5,0,0,0,0,4,0,6439
302041042,3548,174,56,38,0,0,0,5,0,130,0,0,0,4,3962
302041043,1453,86,0,135,0,0,0,10,0,0,0,4,3,0,1687
302041044,2086,21,42,435,187,30,0,6,0,9,13,23,4,9,2864
302041045,3651,690,1439,53,20,61,0,0,0,0,0,0,20,3,5949
302041046,2332,209,494,891,293,108,0,6,0,0,0,0,7,0,4342
303011047,3670,107,553,78,146,5,0,3,0,0,0,6,8,0,4571
303011048,1816,3,372,27,75,407,99,0,125,7,0,3,3,6,2951
303011049,2778,303,1408,196,273,99,0,5,0,0,0,0,5,4,5076
303011050,1619,115,1125,68,93,11,0,3,0,0,0,0,4,0,3037
303011051,5319,168,309,25,0,198,0,6,0,0,0,0,7,0,6032
303021052,2246,34,984,1317,889,126,0,7,0,0,0,5,8,12,5630
303021053,3312,25,757,833,2285,550,550,8,0,0,0,3,16,9,8356
303021054,1137,0,111,281,169,501,0,5,0,0,0,0,0,0,2206
303021055,2027,13,402,1047,973,506,234,0,0,0,0,20,16,3,5251
303021056,2790,16,151,270,138,105,0,10,0,0,0,0,3,0,3475
303021057,1925,7,141,307,286,29,0,0,0,0,0,0,6,3,2705
303021058,1124,0,29,585,166,834,1302,3,0,0,0,0,5,20,4076
303021059,2169,22,836,465,681,287,230,0,0,0,0,0,4,0,4705
303031060,3544,214,1254,0,0,37,132,6,38,321,0,3,19,5,5581
303031061,1786,31,40,48,77,157,0,5,0,0,0,0,0,0,2143
303031062,2904,38,88,20,53,0,0,3,0,0,0,0,0,4,3109
303031063,4300,75,830,636,512,249,0,5,0,0,0,3,4,11,6621
303031064,3325,23,257,0,0,0,0,5,10,38,0,0,4,0,3671
303031065,2579,171,222,231,344,850,241,17,0,0,0,0,14,12,4671
303031066,3080,46,791,47,14,0,0,8,0,0,0,0,3,0,3984
303041067,1687,88,222,131,81,108,0,0,0,0,0,0,12,0,2332
303041068,2918,46,722,799,425,0,0,9,0,0,0,0,11,0,4933
303041069,1250,253,230,77,29,0,0,0,0,0,0,0,7,5,1848
303041070,2537,19,117,151,3,0,0,14,0,0,0,4,5,6,2866
303041071,3742,0,115,75,0,0,0,9,0,0,0,0,0,0,3940
303051072,2664,95,471,49,0,0,0,7,31,22,0,0,10,0,3356
303051073,5439,144,2186,4,11,0,0,5,0,0,0,0,6,5,7803
303051074,3121,33,87,10,0,0,0,6,0,0,0,9,9,0,3276
303051075,4408,120,587,3,0,0,0,0,0,0,0,0,4,0,5126
303051076,3386,79,327,163,15,0,0,5,0,0,0,3,17,5,4011
303061077,2329,133,342,34,0,0,0,5,0,0,0,0,5,0,2847
303061078,3590,118,1419,0,0,0,0,14,0,0,0,0,7,0,5149
303061079,2817,123,320,15,0,0,0,15,0,0,0,3,7,0,3298
303061080,5281,102,808,10,0,0,0,18,41,72,0,0,7,7,6344
304011081,2578,3,167,64,0,0,0,0,0,0,0,0,0,4,2816
304011082,2558,18,63,0,0,0,0,0,0,0,0,0,0,0,2640
304011083,1379,71,150,0,0,0,0,0,0,0,0,0,0,0,1596
304011084,2957,4,362,0,125,71,0,3,0,0,0,5,0,5,3538
304011085,1497,49,0,0,0,0,0,0,0,0,0,0,0,0,1543
304021086,3527,128,22,0,0,0,0,8,0,0,0,0,0,0,3693
304021087,2173,57,25,115,0,0,0,14,0,0,0,0,9,3,2398
304021088,3672,0,94,10,0,0,0,3,0,0,0,0,4,0,3784
304021089,1431,0,0,0,0,0,0,8,0,0,0,0,0,0,1439
304021090,3209,44,189,4,19,0,0,5,0,0,0,0,0,0,3473
304021091,1736,76,0,0,0,0,0,16,0,0,0,0,0,6,1838
304031092,2470,26,120,61,57,0,0,0,0,0,0,0,0,3,2746
304031093,1411,46,137,312,64,162,0,0,0,0,0,0,0,0,2133
304031094,2526,31,453,359,892,1028,386,3,0,0,0,0,10,4,5694
304031095,1512,46,404,262,249,440,0,6,0,3,0,9,5,0,2932
304031096,1441,21,280,539,1009,917,385,0,0,0,3,0,26,30,4660
304031097,1186,8,326,713,1689,292,128,0,0,0,0,0,19,6,4360
304041098,1990,75,517,716,450,122,0,4,0,0,0,0,23,0,3908
304041099,11,0,0,0,0,0,0,0,0,0,0,0,0,0,11
304041100,2564,330,65,194,0,0,0,4,0,0,0,0,0,3,3158
304041101,2761,0,96,247,238,255,0,8,0,0,0,0,0,4,3615
304041102,0,0,0,0,0,0,0,0,0,0,0,0,0,0,0
304041103,5656,30,398,3,53,0,0,6,0,0,0,0,8,0,6163
304041104,3705,23,7,231,7,0,0,3,0,0,0,0,0,0,3981
305011105,412,4,28,84,25,377,6631,688,0,3,66,5,80,60,8455
305011106,104,0,92,129,740,1986,3480,37,0,0,21,0,35,31,6650
305011107,1091,17,105,584,658,210,271,10,0,0,0,5,9,8,2978
305011108,498,38,103,260,855,1987,2316,0,0,28,6,0,23,17,6129
305011109,1348,19,285,1588,1619,1535,498,18,0,0,5,9,30,34,6993
305011110,296,15,83,140,544,1683,5165,0,0,0,17,5,49,46,8035
305011111,444,7,274,131,326,816,1473,0,0,4,6,17,33,46,3571
305011112,1390,23,294,601,903,1837,2571,4,0,0,0,11,31,13,7681
305021113,1144,18,273,262,159,20,0,0,0,0,0,0,0,0,1885
305021114,1440,22,450,464,728,134,0,4,0,0,0,0,3,0,3252
305021115,1244,0,154,535,429,249,327,11,0,3,5,0,14,9,2974
305021116,1297,13,242,287,238,37,0,3,0,0,0,0,0,0,2127
305021117,2790,143,1695,624,898,135,0,9,0,0,0,0,13,3,6299
305021118,1888,8,290,172,298,158,0,5,0,0,0,0,9,0,2818
305031119,512,4,65,223,299,791,466,0,0,0,0,0,17,6,2383
305031120,1613,22,397,223,459,129,0,0,0,0,0,0,6,0,2853
305031121,1100,3,265,645,574,213,0,0,0,0,0,4,8,6,2823
305031122,1891,47,512,922,1634,222,0,0,0,0,0,11,14,11,5259
305031123,1344,5,157,102,46,26,0,0,0,0,0,0,0,0,1688
305031124,989,14,327,236,443,212,1552,0,0,0,0,0,16,20,3805
305031125,1583,41,188,99,47,0,0,0,0,0,0,0,0,0,1959
305031126,1466,9,409,401,590,969,663,3,0,0,0,0,33,33,4583
305031127,1140,21,341,261,409,47,0,0,0,0,0,0,3,6,2235
305031128,423,5,124,227,1282,4590,4676,17,0,0,0,0,50,14,11407
305031129,1107,0,144,131,178,17,0,0,0,0,0,0,4,0,1573
305031130,1766,9,180,442,674,666,65,7,0,0,0,0,0,4,3808
305031131,1982,58,161,984,897,1060,0,3,0,0,0,3,9,9,5170
305041132,3908,4,121,413,555,113,0,4,17,0,0,0,8,4,5148
305041133,988,0,38,195,723,359,473,0,0,0,0,0,19,12,2798
305041134,3079,25,307,267,102,11,0,0,0,0,0,4,3,0,3803
305041135,2843,23,476,483,552,301,959,9,0,0,0,27,12,4,5686
305041136,1619,5,191,350,221,183,0,0,0,0,0,0,0,5,2583
305041137,1742,10,144,566,1297,1044,1299,0,0,0,0,0,58,16,6176
Total,341744,13045,48425,33597,38241,35169,38634,1419,569,957,233,276,1200,792,554303
