SA2 (EN),Speaks English only,Uses other language and speaks English: Very well,Uses other language and speaks English: Well,Uses other language and speaks English: Not well,Uses other language and speaks English: Not at all,Not stated - both language (LANP) and proficiency in spoken English not stated,"Not stated - language (LANP) stated, proficiency in spoken English not stated",Overseas visitor,Total
301011001,14467,939,344,96,34,484,25,16,16406
301011002,6073,874,224,102,38,157,10,8,7486
301011003,13292,926,253,97,31,426,17,16,15057
301011004,15561,1242,415,129,61,614,24,20,18066
301011005,3468,179,59,14,3,114,0,0,3833
301011006,10665,596,143,46,11,214,4,9,11688
301021007,13873,944,323,112,44,472,13,21,15799
301021008,5577,422,114,33,14,166,5,8,6349
301021009,16009,729,178,50,26,445,8,26,17477
301021011,7641,340,96,32,15,119,11,0,8255
301021012,16939,1198,377,129,47,405,17,15,19139
301021013,13748,551,184,46,17,351,5,12,14912
301021550,2210,75,24,3,3,248,0,13,2580
301021551,7232,261,106,31,7,613,4,21,8271
301031014,14,3,0,0,0,0,0,0,22
301031015,7030,411,69,22,12,172,4,3,7731
301031016,10367,767,205,77,23,234,18,18,11704
301031017,3850,506,163,70,11,149,5,13,4758
301031018,7257,842,296,106,31,207,24,13,8774
301031019,7687,1166,270,59,32,119,14,24,9374
301031020,12695,795,221,69,25,526,12,24,14359
301031021,13123,1224,406,136,58,556,17,15,15532
302011022,6260,883,300,77,35,183,12,16,7765
302011023,7534,1947,470,178,70,132,23,24,10370
302011024,7062,1566,580,173,49,278,27,16,9763
302011025,8385,938,289,80,43,148,12,7,9905
302011026,6362,941,302,81,41,150,18,6,7901
302021027,10459,1289,470,170,43,268,23,21,12742
302021028,7747,1723,919,275,93,1382,33,49,12230
302021029,5169,836,294,83,32,101,9,16,6548
302021030,3930,295,117,33,10,105,7,9,4505
302021031,12053,1182,443,142,44,350,21,27,14259
302021032,5629,516,207,75,36,323,10,18,6821
302021033,6029,465,212,82,20,231,7,7,7049
302021034,8891,819,245,70,25,160,15,9,10229
302031035,7347,1232,461,141,54,258,18,16,9530
302031036,265,34,10,4,0,487,0,39,841
302031037,1521,251,101,29,16,122,0,5,2043
302031038,5649,714,305,72,31,213,6,21,7013
302031039,8880,950,332,128,54,270,11,16,10644
302031040,9998,1695,705,151,70,485,30,29,13157
302041041,13892,1931,767,256,80,308,38,20,17280
302041042,8794,344,102,20,8,299,3,7,9582
302041043,3292,171,65,18,7,120,4,7,3679
302041044,6146,362,73,12,6,178,8,3,6785
302041045,8836,3090,1164,310,165,340,65,39,13999
302041046,6623,1142,650,193,107,562,27,16,9320
303011047,10470,979,235,70,25,164,30,6,11978
303011048,5589,724,231,84,35,202,14,3,6875
303011049,9566,1228,437,124,49,229,24,14,11672
303011050,5323,831,314,126,37,296,14,9,6944
303011051,11351,3146,1130,436,136,233,43,38,16515
303021052,8598,1709,750,229,62,356,46,23,11765
303021053,13947,2062,810,211,69,508,30,17,17654
303021054,3769,686,266,92,13,130,15,11,4984
303021055,7926,1426,584,180,48,545,38,16,10754
303021056,7170,852,293,91,28,289,17,9,8750
303021057,4934,765,284,103,31,236,19,13,6392
303021058,5536,1556,980,253,42,883,26,66,9334
303021059,8154,1065,322,107,45,328,14,12,10045
303031060,6067,4425,2519,1154,404,473,93,72,15208
303031061,2262,1520,1100,652,180,197,26,28,5967
303031062,5692,1840,706,322,78,148,22,24,8832
303031063,11670,2088,854,294,106,661,32,27,15746
303031064,4966,3236,1671,665,245,189,59,57,11087
303031065,6663,1893,1241,472,95,576,35,33,11010
303031066,6693,2617,1212,469,144,159,22,31,11349
303041067,2773,1431,871,289,86,311,25,19,5815
303041068,8342,1229,470,215,51,280,28,28,10646
303041069,1602,1431,914,496,143,238,21,30,4877
303041070,5902,857,332,132,30,201,11,15,7484
303041071,9199,1017,291,100,32,130,13,18,10802
303051072,5325,1749,945,418,154,326,44,16,8973
303051073,8237,6927,4063,1910,705,795,120,110,22862
303051074,4387,3399,1380,483,236,225,82,28,10228
303051075,8457,4084,1946,775,339,316,81,44,16039
303051076,5816,1571,927,440,129,738,34,26,9672
303061077,3839,2899,1236,551,174,260,52,27,9036
303061078,5638,3738,2506,1132,396,492,98,46,14039
303061079,3482,2023,1687,1108,332,317,32,47,9034
303061080,7200,4563,3103,1694,576,741,89,62,18032
304011081,5783,1093,378,141,40,110,13,17,7575
304011082,5032,1132,429,199,70,117,12,11,7002
304011083,3218,498,195,65,17,59,3,3,4058
304011084,7198,1558,510,195,58,109,24,11,9669
304011085,3192,746,261,97,38,28,8,10,4389
304021086,8691,1115,312,81,45,114,14,21,10397
304021087,5840,674,165,51,19,120,6,16,6899
304021088,8001,1811,508,137,50,92,35,27,10664
304021089,3496,578,109,40,19,54,6,17,4316
304021090,7484,1245,384,115,36,99,12,20,9388
304021091,4809,473,65,26,9,222,5,8,5611
304031092,6561,715,186,57,15,166,15,22,7735
304031093,4371,459,176,67,23,134,11,7,5250
304031094,8203,3006,1224,346,135,269,41,70,13286
304031095,5269,629,220,73,24,127,14,22,6379
304031096,7754,2448,1155,228,58,458,28,78,12212
304031097,6358,1478,581,170,54,209,9,24,8882
304041098,7367,730,294,69,33,394,15,9,8904
304041099,23,3,0,0,0,3,0,0,32
304041100,6346,483,172,70,50,213,9,0,7354
304041101,7718,600,178,41,18,239,21,13,8835
304041102,0,0,0,0,0,0,0,0,0
304041103,14852,1360,293,101,31,167,20,36,16859
304041104,10195,899,213,53,19,120,16,6,11519
305011105,8167,2785,1906,552,85,2348,38,368,16249
305011106,6228,1482,877,197,47,728,24,52,9635
305011107,4338,1109,350,135,24,329,15,23,6321
305011108,7166,1293,579,156,30,558,16,76,9880
305011109,9556,1286,484,177,52,708,20,41,12332
305011110,7801,3083,2077,544,109,2481,35,232,16351
305011111,3940,1550,952,229,59,1489,22,209,8447
305011112,9694,2828,1005,375,93,655,53,119,14821
305021113,3885,363,76,25,9,132,6,11,4510
305021114,6238,668,125,56,16,191,10,15,7317
305021115,4606,712,345,93,32,307,5,30,6144
305021116,4477,367,81,21,9,96,8,5,5068
305021117,11669,1186,404,98,34,570,25,23,14017
305021118,5975,482,128,30,14,134,6,12,6781
305031119,3324,417,197,41,12,232,10,17,4254
305031120,5584,495,160,49,13,117,8,4,6434
305031121,4719,510,175,54,18,335,3,26,5844
305031122,8397,1234,523,113,36,275,20,26,10623
305031123,4138,283,60,16,8,61,4,19,4586
305031124,5278,760,264,84,23,357,9,50,6824
305031125,4312,367,74,26,6,107,6,6,4902
305031126,6861,1821,1010,226,54,842,17,80,10902
305031127,3986,578,176,46,20,180,12,10,4998
305031128,13513,2181,875,178,57,1465,27,82,18385
305031129,3528,281,75,31,7,51,4,3,3990
305031130,6388,750,288,91,22,324,25,19,7899
305031131,8639,1155,534,125,25,365,23,18,10873
305041132,12113,919,209,55,36,221,17,31,13594
305041133,4793,555,205,55,18,369,9,16,6018
305041134,9142,664,106,19,13,194,8,30,10177
305041135,10004,1094,377,101,22,322,13,35,11972
305041136,5049,455,148,48,12,134,5,8,5859
305041137,8913,1866,901,176,62,356,29,53,12362
Total,982279,171194,74450,26822,8866,47049,2877,3969,1317508
