SA2 (EN),One family household: Couple family with no children,One family household: Couple family with children,One family household: One parent family,One family household: Other family,Two family household: Couple family with no children,Two family household: Couple family with children,Two family household: One parent family,Two family household: Other family,Three or more family household: Couple family with no children,Three or more family household: Couple family with children,Three or more family household: One parent family,Three or more family household: Other family,Lone person household,Group household,Visitors only household,Other non-classifiable household,Not applicable,Total
301011001,1595,2004,827,74,30,57,37,0,0,0,0,0,1112,143,28,132,259,6303
301011002,643,1032,224,28,20,64,21,0,0,4,0,0,315,49,10,62,98,2564
301011003,1650,1868,559,52,26,56,35,0,0,3,4,0,1107,104,16,92,227,5806
301011004,1842,2076,862,62,34,68,52,0,0,8,0,0,1614,198,31,201,284,7339
301011005,424,394,229,14,3,11,15,0,0,0,0,0,480,52,9,43,54,1728
301011006,1233,1593,459,53,20,27,34,0,0,0,3,0,681,68,19,68,190,4451
301021007,2030,1500,699,61,23,49,43,0,0,0,0,0,2044,140,51,149,487,7270
301021008,769,775,236,19,13,25,9,0,0,0,0,0,510,34,9,36,130,2568
301021009,1927,2339,617,43,17,74,49,0,0,0,5,0,822,123,27,132,329,6506
301021011,707,1304,215,9,23,57,15,0,0,0,0,0,234,39,14,34,77,2732
301021012,1771,2700,720,54,25,74,38,3,0,0,0,0,892,122,29,109,237,6783
301021013,1918,1612,562,30,19,64,38,0,0,3,0,0,1428,114,28,108,317,6254
301021550,285,156,79,4,4,6,0,0,0,0,0,0,277,31,193,66,866,1978
301021551,1374,366,385,41,11,6,18,0,0,0,0,0,1681,233,93,252,1038,5500
301031014,0,0,0,0,0,0,0,0,0,0,0,0,0,0,10,0,0,14
301031015,815,939,294,27,15,21,6,0,0,0,0,0,828,68,46,57,204,3328
301031016,1122,1614,534,42,20,26,22,0,0,0,3,0,824,84,14,82,195,4582
301031017,490,563,195,35,8,17,6,0,0,0,0,0,344,107,26,53,80,1914
301031018,893,1094,378,46,6,36,17,0,0,0,0,0,749,131,12,74,159,3603
301031019,658,1645,289,10,3,23,11,0,0,0,0,0,302,39,4,37,89,3125
301031020,1450,1675,618,78,14,46,27,0,0,0,5,0,1572,188,40,153,382,6243
301031021,1415,1841,780,68,21,46,60,0,0,0,0,0,1357,189,21,159,255,6226
302011022,719,1002,339,38,9,39,14,0,0,0,0,0,457,85,6,58,111,2882
302011023,989,1616,265,31,18,41,14,0,0,0,4,0,410,59,5,43,148,3658
302011024,1020,1192,358,45,11,23,19,0,0,0,0,0,792,119,14,68,178,3851
302011025,1011,1164,462,72,15,18,15,0,0,0,0,0,1141,209,13,53,274,4450
302011026,802,1181,238,19,10,13,14,0,0,4,0,0,402,69,5,37,110,2903
302021027,1363,1515,441,78,17,36,23,0,0,0,0,0,1426,167,35,110,243,5465
302021028,1320,722,530,121,10,13,7,0,0,0,0,0,2261,412,29,217,460,6095
302021029,641,849,262,48,5,22,18,4,0,5,0,0,444,93,9,28,92,2513
302021030,395,572,178,23,4,13,12,0,0,0,0,0,357,69,0,21,84,1734
302021031,1408,1715,541,103,9,11,17,0,0,0,0,0,1749,304,30,157,392,6440
302021032,710,658,324,48,0,3,8,0,0,0,0,0,965,176,16,136,234,3282
302021033,760,844,289,40,6,12,8,0,0,0,0,0,552,113,0,46,136,2793
302021034,879,1512,336,44,7,27,21,3,0,0,0,0,750,132,20,55,210,3998
302031035,943,1063,404,49,22,34,25,0,0,0,0,0,834,141,15,71,165,3762
302031036,0,0,0,0,0,0,0,0,0,0,0,0,4,0,21,0,6,38
302031037,380,117,62,10,3,0,0,0,0,0,0,0,435,50,17,54,242,1369
302031038,676,872,228,39,13,10,5,0,0,0,0,0,724,149,21,79,203,3018
302031039,1034,1380,375,76,15,30,15,0,0,0,0,0,751,168,25,70,173,4118
302031040,1602,1029,484,123,10,21,11,0,0,0,0,0,2636,458,36,209,585,7194
302041041,1588,2282,776,78,28,71,53,4,0,0,4,0,987,184,36,89,257,6439
302041042,901,1255,434,42,13,29,15,0,0,0,0,0,911,78,20,69,196,3962
302041043,338,420,181,24,3,8,6,0,0,0,0,0,495,59,7,46,111,1687
302041044,646,802,217,16,4,14,7,0,0,0,0,0,799,66,38,51,198,2864
302041045,1350,1549,630,71,15,54,29,0,0,4,0,0,1690,187,21,103,241,5949
302041046,854,805,532,88,12,13,21,0,0,0,0,0,1294,245,10,215,237,4342
303011047,1018,1798,343,68,9,23,12,0,0,0,0,0,801,197,12,60,226,4571
303011048,682,830,210,51,5,13,4,0,3,0,0,0,686,194,15,80,176,2951
303011049,1239,1353,540,76,13,14,19,0,0,0,0,0,1245,220,17,77,264,5076
303011050,737,693,384,45,9,12,9,0,0,0,0,0,732,175,9,77,138,3037
303011051,1583,2412,441,51,24,69,26,0,0,0,8,0,975,128,29,85,201,6032
303021052,1280,1001,369,98,10,14,8,5,0,0,0,0,1671,653,23,136,372,5630
303021053,1923,1837,491,151,16,24,10,3,0,0,0,0,2516,560,39,180,597,8356
303021054,479,458,155,45,3,4,7,0,0,0,4,0,581,269,13,57,134,2206
303021055,1242,856,297,108,7,10,10,0,0,0,0,0,1635,521,26,127,413,5251
303021056,667,1174,382,38,9,18,9,0,0,0,0,0,728,141,8,100,199,3475
303021057,626,800,201,45,4,13,3,0,0,0,0,0,647,131,13,49,164,2705
303021058,897,447,177,89,11,8,3,0,0,0,0,0,1107,668,52,163,462,4076
303021059,1168,1068,279,79,9,12,12,0,0,0,0,0,1300,271,24,124,345,4705
303031060,1240,1887,494,80,33,124,36,0,0,7,4,0,923,281,53,141,276,5581
303031061,474,517,205,47,30,61,24,0,5,0,0,0,342,211,12,52,164,2143
303031062,630,1235,375,39,20,43,19,0,0,6,0,0,505,69,11,43,119,3109
303031063,1446,1883,683,96,10,22,24,0,0,4,0,0,1549,314,22,193,380,6621
303031064,745,1779,259,27,28,106,19,0,0,4,0,0,287,96,37,42,239,3671
303031065,1064,973,391,104,18,30,14,0,0,0,0,0,1119,404,23,190,338,4671
303031066,852,1598,426,49,19,67,30,0,0,3,0,0,652,79,13,41,147,3984
303041067,516,533,216,51,26,18,11,0,3,3,0,0,529,190,17,76,160,2332
303041068,1074,1171,392,94,8,15,14,0,0,0,0,0,1344,341,24,122,335,4933
303041069,419,484,144,27,13,31,13,0,0,0,0,0,353,135,7,44,167,1848
303041070,636,876,290,53,12,15,4,0,0,0,0,0,605,155,11,57,152,2866
303041071,851,1638,347,59,13,20,7,3,0,0,0,0,618,157,10,49,171,3940
303051072,757,1092,398,37,12,50,28,0,0,0,5,0,554,119,13,102,181,3356
303051073,1670,3124,857,88,51,210,68,3,0,3,3,0,931,232,30,189,341,7803
303051074,717,1611,266,26,20,87,29,4,3,3,0,0,274,58,13,52,121,3276
303051075,1070,2451,487,36,29,117,42,3,0,8,4,0,494,79,15,67,212,5126
303051076,722,820,573,71,16,31,19,0,0,0,0,0,1006,228,46,226,256,4011
303061077,605,1313,240,22,19,52,13,0,0,5,0,0,328,72,13,67,92,2847
303061078,1139,1699,540,89,32,79,38,4,0,7,0,0,814,296,15,141,259,5149
303061079,702,819,334,66,25,64,36,3,8,3,0,0,580,279,26,87,272,3298
303061080,1367,2060,660,94,39,165,52,0,3,10,0,0,976,293,45,224,351,6344
304011081,810,1024,267,27,17,34,13,0,0,0,0,0,416,40,8,27,130,2816
304011082,725,941,264,21,10,36,11,0,0,0,0,0,422,64,11,39,93,2640
304011083,387,566,188,15,3,8,4,0,0,0,0,0,300,49,0,19,62,1596
304011084,922,1418,289,17,13,33,18,0,0,0,0,0,528,57,15,27,201,3538
304011085,460,670,108,13,8,27,14,0,0,0,0,0,154,22,5,15,54,1543
304021086,944,1579,380,16,21,40,23,0,0,0,0,0,481,38,17,35,118,3693
304021087,652,1024,142,9,20,24,11,0,0,0,5,0,309,27,11,35,132,2398
304021088,1020,1655,274,28,12,40,13,0,0,0,0,0,459,98,13,22,147,3784
304021089,313,745,103,8,6,11,7,0,0,0,0,0,127,33,11,14,67,1439
304021090,804,1426,348,36,13,22,12,0,0,0,0,0,550,73,23,29,136,3473
304021091,503,858,92,9,9,26,6,0,0,0,0,0,191,14,11,34,73,1838
304031092,606,1191,236,22,6,14,6,0,0,0,0,0,412,77,15,39,134,2746
304031093,505,706,178,21,7,7,4,0,0,0,0,0,492,57,8,29,117,2133
304031094,1192,1557,486,118,4,30,11,0,0,0,0,0,1166,530,43,103,449,5694
304031095,661,799,213,35,4,7,5,0,0,0,0,0,804,109,18,58,225,2932
304031096,932,852,240,119,6,14,3,0,0,0,0,0,985,784,47,159,515,4660
304031097,1001,818,284,89,3,12,5,0,0,0,0,0,1241,451,40,79,341,4360
304041098,820,912,361,55,11,8,8,0,0,0,0,0,1135,196,20,84,285,3908
304041099,5,4,5,0,0,0,0,0,0,0,0,0,0,0,0,0,0,11
304041100,765,774,385,37,4,17,16,0,0,0,0,0,793,82,8,84,191,3158
304041101,775,1159,351,39,11,15,4,0,0,0,0,0,809,156,8,88,204,3615
304041102,0,0,0,0,0,0,0,0,0,0,0,0,0,0,0,0,0,0
304041103,1544,2531,669,39,22,29,13,0,0,0,0,0,896,98,32,56,237,6163
304041104,1050,1813,377,27,16,21,26,0,0,0,0,0,447,41,5,38,122,3981
305011105,1724,524,258,104,8,6,7,0,0,0,0,0,2435,770,294,322,2010,8455
305011106,1329,282,139,81,9,5,0,0,0,0,0,0,2583,687,102,348,1090,6650
305011107,603,560,226,35,8,14,4,0,0,0,0,0,804,279,23,106,314,2978
305011108,1497,427,203,70,0,5,4,0,0,0,0,0,1902,593,69,248,1102,6129
305011109,1656,798,283,74,8,10,6,0,0,0,0,0,2454,510,66,254,855,6993
305011110,1652,700,390,98,6,5,8,0,0,0,0,0,2266,678,212,448,1579,8035
305011111,798,361,128,48,3,5,0,0,0,0,0,0,1049,471,84,171,458,3571
305011112,1818,1249,463,104,10,10,5,0,0,0,0,0,2212,648,73,294,796,7681
305021113,428,606,184,14,0,9,0,0,0,0,0,0,413,60,16,46,102,1885
305021114,865,905,240,31,0,8,4,0,0,0,0,0,732,95,28,83,256,3252
305021115,696,468,167,48,5,8,5,0,0,0,0,0,824,350,24,137,251,2974
305021116,445,703,169,25,0,8,3,0,0,0,0,0,455,100,10,41,164,2127
305021117,1445,1520,567,107,7,19,14,0,0,0,0,0,1500,492,21,217,405,6299
305021118,650,896,219,28,9,14,7,0,0,0,0,0,528,175,12,58,217,2818
305031119,582,249,126,47,0,3,3,0,0,0,0,0,735,198,19,99,315,2383
305031120,684,768,205,50,10,4,3,4,0,0,0,0,691,197,13,45,181,2853
305031121,623,589,172,43,7,14,0,0,0,0,0,0,845,135,18,77,308,2823
305031122,1072,1067,367,74,10,17,4,3,0,0,0,0,1812,270,39,104,423,5259
305031123,353,736,128,8,6,10,0,0,0,0,0,0,292,58,3,19,76,1688
305031124,904,494,174,51,5,13,0,0,0,0,0,0,1260,161,52,141,550,3805
305031125,443,710,175,24,5,12,3,0,0,0,0,0,366,41,8,35,140,1959
305031126,862,804,355,86,3,3,6,0,0,0,0,0,1197,632,43,99,485,4583
305031127,460,547,145,42,0,7,4,0,0,0,0,0,516,200,16,76,230,2235
305031128,3080,746,358,118,5,5,0,0,0,0,0,0,4116,1014,111,618,1238,11407
305031129,329,553,115,20,3,7,7,0,0,0,0,0,335,86,11,21,86,1573
305031130,878,732,221,76,3,9,4,0,0,0,0,0,1009,406,26,119,322,3808
305031131,1169,1077,304,86,11,15,6,4,0,0,0,0,1540,384,23,155,402,5170
305041132,1020,1987,415,48,12,17,11,0,0,0,0,0,981,228,40,88,296,5148
305041133,645,492,123,59,10,4,0,0,0,0,0,0,733,302,34,43,344,2798
305041134,815,1532,295,41,9,8,3,0,0,0,0,0,661,138,17,56,225,3803
305041135,1334,1153,304,93,8,16,10,0,0,0,0,0,1539,556,47,116,518,5686
305041136,579,615,140,50,3,7,0,0,0,0,0,0,673,278,27,57,148,2583
305041137,1413,979,330,125,8,8,3,0,0,0,0,0,1702,750,65,178,611,6176
Total,129868,150332,45874,7158,1623,3806,2034,93,34,138,83,4,126121,29292,3956,13735,40144,554303
