SA2 (EN),Postgraduate Degree Level,Graduate Diploma and Graduate Certificate Level,Bachelor Degree Level,Advanced Diploma and Diploma Level,Certificate III & IV Level,Secondary Education - Years 10 and above,Certificate I & II Level,Secondary Education - Years 9 and below,Supplementary Codes,Not stated,Not applicable,Total
301011001,319,240,1452,1399,3184,4520,8,890,400,721,0,13135
301011002,439,173,1291,578,926,1848,0,348,182,239,0,6021
301011003,462,290,1717,1280,2641,4018,8,791,356,726,0,12290
301011004,401,241,1813,1533,3514,4936,18,1002,405,845,0,14711
301011005,95,73,450,340,699,950,5,210,93,177,0,3092
301011006,449,281,1564,1256,1852,2952,7,511,317,344,0,9544
301021007,532,300,1858,1582,2559,4472,8,852,424,1098,0,13671
301021008,347,175,931,654,827,1635,0,271,169,282,0,5293
301021009,387,245,1570,1590,3440,4712,18,836,381,668,0,13840
301021011,257,152,992,831,1476,1933,5,312,171,212,0,6329
301021012,549,323,2143,1899,3383,4783,11,822,439,629,0,14981
301021013,313,254,1398,1396,2859,4282,10,951,383,759,0,12604
301021550,134,68,346,201,428,589,3,133,56,260,0,2211
301021551,187,121,604,742,1653,2324,10,725,248,947,0,7554
301031014,0,0,0,0,6,10,0,0,0,4,0,22
301031015,404,210,1261,707,1084,1747,0,320,149,416,0,6297
301031016,488,255,1655,1037,1734,2839,3,640,261,356,0,9271
301031017,263,123,852,453,664,1042,0,173,87,184,0,3856
301031018,325,172,1236,748,1390,2250,3,405,221,334,0,7088
301031019,559,244,1680,809,1021,1841,0,258,175,187,0,6781
301031020,686,398,2176,1224,2118,3428,3,663,316,763,0,11780
301031021,444,281,1832,1257,2486,4113,17,887,324,809,0,12461
302011022,244,122,953,630,1274,2057,5,379,151,289,0,6102
302011023,834,266,2154,859,1047,2321,0,352,231,242,0,8317
302011024,555,237,1663,862,1073,2474,0,446,264,477,0,8062
302011025,582,305,1947,856,1315,2259,6,343,212,231,0,8056
302011026,543,236,1445,692,930,1813,4,228,165,201,0,6260
302021027,670,306,2163,1116,1565,3181,8,617,308,626,0,10559
302021028,641,232,2091,971,1463,2921,5,535,300,1574,0,10745
302021029,321,167,1135,573,824,1655,7,282,151,204,0,5308
302021030,177,110,699,402,614,1075,0,208,107,203,0,3605
302021031,1011,496,3173,1195,1570,2957,0,495,242,518,0,11648
302021032,367,163,1293,536,915,1511,4,304,151,370,0,5620
302021033,330,181,1211,572,905,1724,3,377,162,317,0,5776
302021034,623,336,2059,875,1111,2179,4,363,204,239,0,7991
302031035,361,190,1346,832,1396,2545,0,542,218,344,0,7777
302031036,36,4,79,40,62,58,0,8,6,471,0,771
302031037,159,52,501,213,280,466,0,40,47,133,0,1893
302031038,384,207,1371,625,900,1502,0,240,159,270,0,5664
302031039,498,266,1759,933,1476,2459,5,494,245,416,0,8548
302031040,914,422,2989,1321,1583,2933,4,397,275,671,0,11514
302041041,530,306,2153,1593,2741,4548,7,813,436,577,0,13712
302041042,365,258,1335,837,1529,2132,5,542,212,444,0,7661
302041043,122,88,480,281,613,932,0,248,89,204,0,3063
302041044,421,257,1117,567,851,1501,0,437,153,355,0,5669
302041045,797,264,2139,1329,1682,3320,8,702,352,716,0,11321
302041046,374,175,1220,774,1383,2314,9,546,254,671,0,7725
303011047,936,449,2831,852,1177,2292,4,330,194,277,0,9346
303011048,434,195,1444,571,854,1420,5,269,133,256,0,5572
303011049,682,366,2265,1025,1399,2582,0,513,250,468,0,9544
303011050,444,207,1392,612,815,1569,4,243,163,373,0,5820
303011051,1401,436,3448,1372,1441,3811,0,730,405,473,0,13524
303021052,1324,407,3012,926,1096,2377,4,332,256,502,0,10237
303021053,1664,671,4608,1489,1576,3491,0,487,318,706,0,15003
303021054,630,183,1244,340,410,1003,0,186,98,190,0,4295
303021055,999,380,2794,857,1042,2109,3,313,211,719,0,9427
303021056,652,303,1840,623,837,1744,6,354,153,364,0,6867
303021057,487,250,1419,503,688,1233,0,208,116,302,0,5212
303021058,898,252,2439,682,868,2029,0,208,157,1061,0,8590
303021059,1035,420,2590,799,794,1965,4,271,223,462,0,8564
303031060,1486,303,3128,1231,1204,3311,7,593,415,737,0,12414
303031061,535,110,1175,502,513,1478,4,283,184,356,0,5141
303031062,552,217,1487,704,965,2119,4,442,218,256,0,6965
303031063,1087,446,3262,1249,1688,3310,15,649,332,809,0,12848
303031064,1237,237,2504,773,781,1992,0,347,204,296,0,8372
303031065,885,234,2127,869,1101,2571,8,511,257,779,0,9346
303031066,888,289,2121,924,1059,2515,8,507,276,324,0,8910
303041067,539,109,1078,464,612,1305,3,263,147,406,0,4931
303041068,888,372,2258,822,1213,2193,3,385,224,412,0,8772
303041069,610,103,1031,318,303,1053,0,233,151,357,0,4162
303041070,480,227,1366,595,900,1725,0,303,160,323,0,6081
303041071,953,435,2480,765,966,1920,5,368,196,223,0,8310
303051072,454,146,1212,752,1169,2178,4,416,244,431,0,7001
303051073,1942,386,4394,1817,1795,4952,14,885,655,1019,0,17861
303051074,799,181,1893,851,929,2010,6,307,286,285,0,7544
303051075,1017,271,2516,1316,1729,3792,8,697,415,519,0,12263
303051076,304,135,1016,625,1285,2457,12,684,355,880,0,7734
303061077,709,150,1683,700,725,1958,0,414,247,358,0,6944
303061078,1114,225,2441,1268,1388,3279,5,568,392,724,0,11399
303061079,679,178,1695,735,781,2218,6,484,326,519,0,7616
303061080,1412,306,3104,1386,1645,4294,13,938,597,983,0,14674
304011081,643,270,1519,644,753,1588,0,262,187,290,0,6159
304011082,470,196,1313,629,823,1585,0,230,176,201,0,5626
304011083,231,94,692,362,570,892,0,120,111,102,0,3177
304011084,887,309,2063,857,790,2056,0,324,199,347,0,7837
304011085,418,134,981,383,370,931,0,134,109,71,0,3532
304021086,868,332,1890,956,1096,2162,5,306,207,220,0,8041
304021087,860,234,1655,504,396,1221,0,192,135,341,0,5536
304021088,1560,443,2656,729,605,1743,0,271,192,193,0,8390
304021089,569,137,1067,312,207,764,0,103,70,85,0,3315
304021090,1144,334,2159,789,646,1631,4,230,157,200,0,7285
304021091,638,164,1230,429,426,1035,0,153,103,387,0,4567
304031092,855,322,1934,500,434,1334,0,216,134,236,0,5968
304031093,507,220,1227,369,435,973,3,174,123,190,0,4227
304031094,2002,417,3490,797,735,2533,5,287,224,365,0,10863
304031095,672,226,1597,470,470,1264,0,209,118,177,0,5206
304031096,2138,273,2613,602,525,3853,0,115,155,568,0,10851
304031097,1324,332,2522,643,582,1655,3,154,151,298,0,7675
304041098,626,285,1872,729,979,1935,4,272,161,473,0,7337
304041099,9,0,5,0,0,6,0,0,0,3,0,30
304041100,345,185,1096,560,996,1806,3,405,208,377,0,5985
304041101,593,318,1715,736,1011,1812,3,354,150,295,0,6984
304041102,0,0,0,0,0,0,0,0,0,0,0,0
304041103,1565,649,3738,1428,1434,3290,0,509,325,309,0,13251
304041104,679,328,1848,1079,1525,2469,8,346,239,222,0,8751
305011105,1875,391,3966,1345,1161,3279,3,187,331,2451,0,14986
305011106,874,274,2642,979,1101,2027,3,149,224,896,0,9159
305011107,842,229,1593,434,439,1194,0,233,128,407,0,5505
305011108,991,330,2676,925,1041,2111,5,195,228,710,0,9207
305011109,1363,497,3441,1034,983,2227,0,382,255,955,0,11145
305011110,1793,371,4055,1252,1040,3200,6,263,281,2526,0,14787
305011111,858,197,2018,622,645,1415,6,161,177,1561,0,7653
305011112,2113,535,4081,1112,976,2610,4,372,299,759,0,12851
305021113,411,158,1025,373,412,824,0,127,86,169,0,3577
305021114,699,268,1818,555,572,1381,4,215,164,302,0,5987
305021115,631,214,1559,499,581,1198,3,188,113,413,0,5390
305021116,441,185,1291,441,398,964,0,122,91,136,0,4058
305021117,980,422,3231,1190,1565,2795,3,403,274,661,0,11519
305021118,556,277,1758,531,592,1313,3,136,102,181,0,5442
305031119,311,135,1110,392,462,905,0,103,81,285,0,3784
305031120,558,277,1694,515,585,1237,3,170,98,173,0,5312
305031121,448,160,1369,483,511,1295,0,136,123,413,0,4936
305031122,970,395,2641,918,926,2239,3,282,195,401,0,8972
305031123,422,210,1098,309,327,797,0,128,73,96,0,3460
305031124,556,200,1652,602,642,1628,0,184,155,477,0,6096
305031125,341,162,1095,419,387,1070,5,148,114,149,0,3890
305031126,1275,327,2533,763,782,2345,0,254,168,940,0,9391
305031127,501,189,1305,357,430,979,0,127,90,254,0,4230
305031128,1937,684,5786,1656,1659,3360,5,183,361,1628,0,17253
305031129,393,154,1089,270,290,752,0,130,52,101,0,3229
305031130,699,304,2070,636,779,1538,0,180,159,419,0,6784
305031131,939,391,2758,909,999,2234,4,325,195,478,0,9221
305041132,1426,555,3296,922,916,2609,3,408,231,338,0,10702
305041133,698,220,1740,450,406,1174,0,101,92,435,0,5314
305041134,1228,453,2678,616,569,1674,0,236,158,235,0,7844
305041135,1375,479,3695,865,778,2148,0,214,194,464,0,10217
305041136,640,258,1664,428,443,1131,0,129,87,207,0,4981
305041137,1697,467,3626,851,839,2462,4,187,179,503,0,10817
Total,100503,36404,261528,108483,144872,290961,497,48788,28818,64945,0,1085792
