"SA2_CODE21","one_condition","two_conditions","three_or_more_conditions","total","prop_health_cond"
"305031119",815,203,77,4254,0.257404795486601
"305031120",1208,273,113,6434,0.247746347528753
"301011001",3537,1090,606,16406,0.318968669998781
"303051072",1516,473,296,8973,0.254652847431182
"303021052",2335,626,233,11765,0.271483212919677
"305031121",1026,292,91,5844,0.241101984941821
"305041132",2497,559,210,13594,0.240253052817419
"302021027",2599,871,478,12742,0.309841469157118
"305041133",1197,271,100,6018,0.260551678298438
"302011022",1616,506,255,7765,0.306117192530586
"305021113",826,171,57,4510,0.23370288248337
"305041134",1840,392,137,10177,0.232779797582785
"304021086",2009,489,219,10397,0.261325382321824
"301011002",1364,379,174,7486,0.256078012289607
"301011003",3158,1100,576,15057,0.321046689247526
"302031035",1874,601,336,9530,0.294963273871983
"302041041",3432,1097,497,17280,0.290856481481481
"302011023",1849,467,232,10370,0.245708775313404
"302041042",1983,624,305,9582,0.303903151742851
"302031036",75,19,5,841,0.117717003567182
"305011105",2214,508,156,16249,0.177118591913349
NA,11,0,0,22,0.5
"304021087",1303,362,205,6899,0.271053775909552
"305021114",1305,315,119,7317,0.237665709990433
"303051073",3118,749,321,22862,0.183186072959496
"303011047",2076,458,169,11978,0.225663716814159
"303011048",1265,318,116,6875,0.247127272727273
"301011004",3929,1298,689,18066,0.327465958153437
"303011049",2312,711,286,11672,0.283498971898561
"303011050",1446,423,199,6944,0.297811059907834
"303011051",3105,905,395,16515,0.266727217680896
"302011024",1853,643,415,9763,0.298166547167879
"304021088",1920,471,268,10664,0.249343585896474
"304031092",1423,344,165,7735,0.249773755656109
"302021028",2295,851,529,12230,0.300490596892886
"302021029",1279,402,169,6548,0.282529016493586
"305031122",2037,539,205,10623,0.261790454673821
"301021007",3556,1297,870,15799,0.362238116336477
"303041067",974,316,194,5815,0.255202063628547
"303021053",3301,833,344,17654,0.253653562931913
"304031093",1052,295,123,5250,0.28
"302041043",783,262,157,3679,0.326719217178581
"302031037",358,107,32,2043,0.243269701419481
"305021115",1120,276,117,6144,0.246256510416667
"303031060",2133,631,330,15208,0.203445554971068
"304041098",1604,478,211,8904,0.257524707996406
"304041099",6,5,0,32,0.34375
"302011025",2029,538,233,9905,0.282685512367491
"303021054",986,263,78,4984,0.266252006420546
"304021089",712,160,66,4316,0.217330861909175
"305011106",1710,409,141,9635,0.234561494551116
"302021030",916,299,166,4505,0.306548279689234
"305031123",814,144,78,4586,0.225904928041867
"303021055",2140,557,240,10754,0.273107680862935
"305031124",1219,354,167,6824,0.254982415005862
"305021116",855,164,56,5068,0.212115232833465
"305031125",875,163,89,4902,0.229906160750714
"305011107",1162,296,87,6321,0.244423350735643
"303021056",1595,454,270,8750,0.265028571428571
"303021057",1194,323,137,6392,0.258760951188986
"304031094",2245,513,180,13286,0.221135029354207
"304011081",1478,391,217,7575,0.275379537953795
"305011108",1866,507,178,9880,0.258198380566802
"302021031",2678,741,283,14259,0.25962549968441
"305031126",1871,460,214,10902,0.233443404879839
"304021090",1857,473,174,9388,0.266723476778867
"304041100",1623,653,348,7354,0.356812618982866
"303061077",1396,334,206,9036,0.214254094732182
"303031061",831,260,118,5967,0.202614379084967
"301031015",1642,512,291,7731,0.316259216142802
"301031016",2369,683,370,11704,0.292378673957621
"303031062",1579,483,224,8832,0.25883152173913
"302011026",1555,407,167,7901,0.269459562080749
"304011082",1354,393,147,7002,0.270494144530134
"304041101",1729,518,254,8835,0.283078664402943
"303041068",2171,605,267,10646,0.285835055419876
"305021117",2633,564,215,14017,0.243418705857173
"304041102",0,0,0,0,NA
"303031063",2967,824,364,15746,0.26387654007367
"301031017",916,217,100,4758,0.259142496847415
"305011109",2466,655,290,12332,0.276597469996756
"305031127",988,232,75,4998,0.259103641456583
"305031128",3343,752,242,18385,0.235898830568398
"305021118",1178,266,110,6781,0.229169738976552
NA,548,177,92,2580,0.316666666666667
"302031038",1295,354,157,7013,0.257521745330101
"302031039",1990,610,299,10644,0.272360015031943
"302031040",2572,737,321,13157,0.275898761115756
"301021008",1348,444,216,6349,0.31627027878406
"305041135",2271,461,149,11972,0.240644837955229
"303051074",1305,279,81,10228,0.162788423934298
"303051075",2446,674,332,16039,0.215225388116466
"304021091",1019,277,136,5611,0.255212974514347
"305041136",1088,240,82,5859,0.240655401945725
"301021009",3723,1091,542,17477,0.306459918750358
"304011083",765,219,84,4058,0.263183834401183
"303041069",714,213,93,4877,0.209144966167726
"303031064",1366,276,108,11087,0.157842518264634
"303051076",1797,691,405,9672,0.299110835401158
"303061078",2072,571,263,14039,0.206994800199444
"303041070",1519,412,176,7484,0.281533939070016
"302041044",1484,546,324,6785,0.346941783345615
"304011084",1895,601,256,9669,0.284620953562933
"301021011",1555,411,172,8255,0.258994548758328
"304031095",1174,325,139,6379,0.256780059570466
"305011110",2160,507,169,16351,0.173445049232463
NA,2145,1022,739,8271,0.472252448313384
"305011111",1066,294,102,8447,0.173079199715875
"304031096",2080,415,94,12212,0.212004585653456
"302021032",1399,430,193,6821,0.296437472511362
"302021033",1462,529,298,7049,0.324726911618669
"303061079",1283,397,208,9034,0.208988266548594
"303061080",2691,812,542,18032,0.224323425022183
"302041045",2611,902,526,13999,0.288520608614901
"304031097",1690,447,158,8882,0.258387750506643
"303041071",2045,500,200,10802,0.254119607480096
"304041103",3471,987,334,16859,0.284239871878522
"301011005",877,282,136,3833,0.337855465692669
"301021012",3709,1012,508,19139,0.273211766549976
"301031018",1774,578,269,8774,0.298723501253704
"305041137",2264,482,186,12362,0.237178450088982
NA,244515,69286,32674,1317508,0.262977530307216
"304041104",2245,631,280,11519,0.273982116503169
"303031065",1824,640,342,11010,0.254859218891916
"301021013",3449,1283,767,14912,0.368763412017167
"301031019",1530,374,112,9374,0.215062940046938
"302021034",1876,426,220,10229,0.246553915338743
"301011006",2462,743,315,11688,0.301163586584531
"305011112",2562,594,204,14821,0.22670535051616
"304011085",892,223,65,4389,0.268853953064479
"305031129",706,159,67,3990,0.233583959899749
"305031130",1518,374,150,7899,0.258513735915939
"303031066",2014,526,266,11349,0.24724645343202
"303021058",1550,441,218,9334,0.236661667023784
"305031131",2015,527,230,10873,0.254943437873632
"301031020",2802,966,517,14359,0.298419109965875
"301031021",3105,1040,613,15532,0.306335307751738
"303021059",2057,650,223,10045,0.291687406669985
"302041046",1806,609,380,9320,0.299892703862661
