"","SA2_CODE21","dAmbu"
"1","301011001",2.6009739713737
"2","301011002",5.03652579175955
"3","301011003",0.993611871201009
"4","301011004",1.26510765218797
"5","301011005",1.93870949733235
"6","301011006",2.35721321698653
"7","301021007",1.34318923424574
"8","301021008",2.00212983826093
"9","301021009",4.06206662697094
"10","301021011",7.12775654427393
"11","301021012",4.44444445849241
"12","301021013",2.71861534124249
"13","301031015",3.26901169880266
"14","301031016",2.06370288344686
"15","301031017",3.67453503177934
"16","301031018",3.64575349936321
"17","301031019",3.44577344942719
"18","301031020",1.77262337769101
"19","301031021",1.37397719772085
"20","302011022",2.3900874186246
"21","302011023",3.79577861009169
"22","302011024",4.29656725357151
"23","302011025",1.83381815416642
"24","302011026",3.21443605300559
"25","302021027",2.1207519242454
"26","302021028",0.783798660681416
"27","302021029",1.18236589521516
"28","302021030",1.23145635379743
"29","302021031",1.29628285016662
"30","302021032",2.84282869307234
"31","302021033",1.96484770373892
"32","302021034",2.44139038871305
"33","302031035",2.29816281086562
"34","302031036",4.36655670677158
"35","302031037",3.70095168544176
"36","302031038",1.58025077587693
"37","302031039",3.15314316235372
"38","302031040",1.32447022900068
"39","302041041",1.26442032127953
"40","302041042",2.10488396912681
"41","302041043",2.37313476965053
"42","302041044",2.64899798631923
"43","302041045",3.20432016748264
"44","302041046",2.05704064199282
"45","303011047",2.13427938268526
"46","303011048",2.69678962215923
"47","303011049",1.00601192248004
"48","303011050",1.44356281889992
"49","303011051",2.05989675700265
"50","303021052",2.05172204833245
"51","303021053",1.97919513478324
"52","303021054",1.83252675141236
"53","303021055",1.39174893448727
"54","303021056",3.28001276981324
"55","303021057",2.83540530007703
"56","303021058",0.58596723259001
"57","303021059",3.93401726028853
"58","303031060",3.83748101681399
"59","303031061",2.32577543593366
"60","303031062",2.60063735627677
"61","303031063",1.38848169468046
"62","303031064",4.91150358367297
"63","303031065",0.830386386350782
"64","303031066",2.10489285806504
"65","303041067",2.38018214678845
"66","303041068",1.94363901442303
"67","303041069",2.80404912742187
"68","303041070",0.599734085797944
"69","303041071",2.01204062251385
"70","303051072",3.01714634075092
"71","303051073",4.22636372006337
"72","303051074",4.13780564760169
"73","303051075",3.790151825283
"74","303051076",3.41624276253255
"75","303061077",3.18792530946437
"76","303061078",3.2792217485486
"77","303061079",1.76368728127021
"78","303061080",1.08083278049087
"79","304011081",2.31955323333764
"80","304011082",1.55112971077293
"81","304011083",2.39382547144063
"82","304011084",1.82231787268619
"83","304011085",1.6124068511186
"84","304021086",3.50655813603355
"85","304021087",7.6777901872989
"86","304021088",0.926305329219831
"87","304021089",2.57661784373119
"88","304021090",1.68871311170162
"89","304021091",2.73229382288265
"90","304031092",3.03197480770662
"91","304031093",4.47064786773654
"92","304031094",2.8881620046197
"93","304031095",3.99690579281107
"94","304031096",3.64122102490809
"95","304031097",3.43774083350353
"96","304041098",1.51339268989416
"97","304041099",6.80527080675286
"98","304041100",2.32364394414007
"99","304041101",0.548065134401556
"100","304041102",3.48903607949318
"101","304041103",2.69251356867342
"102","304041104",5.44991960133132
"103","305011105",0.789509680320198
"104","305011106",0.283722375934338
"105","305011107",2.42163027554525
"106","305011108",1.87430827184699
"107","305011109",1.73718008679585
"108","305011110",1.53258735206899
"109","305011111",0.482708651356393
"110","305011112",2.17646769786586
"111","305021113",0.550703691883828
"112","305021114",1.72572113941138
"113","305021115",1.41301087842605
"114","305021116",1.31169995371369
"115","305021117",0.907938206338974
"116","305021118",2.4410496906958
"117","305031119",1.99329178753021
"118","305031120",2.83425176457635
"119","305031121",3.18672385897383
"120","305031122",1.65439452512142
"121","305031123",2.39808468542488
"122","305031124",2.73500863118414
"123","305031125",2.34401017435284
"124","305031126",1.75776749953062
"125","305031127",3.31187253498369
"126","305031128",0.993672959824889
"127","305031129",2.63136017424994
"128","305031130",2.22582201224649
"129","305031131",0.298247901814882
"130","305041132",1.4415335617056
"131","305041133",2.20860705368827
"132","305041134",1.72428799934116
"133","305041135",1.59635049439259
"134","305041136",2.0001533516393
"135","305041137",3.56834208444818
