"","SA2_CODE21","dBuss"
"1","301011001",7.12535641852946
"2","301011002",0.298006798586384
"3","301011003",4.18252350299357
"4","301011004",4.28341855942133
"5","301011005",2.21601663642159
"6","301011006",5.9660243245768
"7","301021007",10.6147978485516
"8","301021008",8.03831492444364
"9","301021009",16.0086166296271
"10","301021011",7.57767027398982
"11","301021012",9.67425067412699
"12","301021013",12.586937774078
"13","301031015",0.103880385179269
"14","301031016",0.417700020765029
"15","301031017",0.516090839627364
"16","301031018",0.107421439704571
"17","301031019",0.61469386247498
"18","301031020",0.116379282513158
"19","301031021",0.234490721342359
"20","302011022",0.0758355674417689
"21","302011023",0.261770350083725
"22","302011024",0.178956011264027
"23","302011025",0.0758054350755021
"24","302011026",0.283822677636917
"25","302021027",0.168380729168055
"26","302021028",0.0541472923876438
"27","302021029",0.0215576985509703
"28","302021030",0.06373292830252
"29","302021031",0.179038898692667
"30","302021032",0.0267566543050161
"31","302021033",0.169579921167283
"32","302021034",0.111282850506585
"33","302031035",0.258755721717665
"34","302031036",1.42893068855578
"35","302031037",0.0845948810421953
"36","302031038",0.185151425205489
"37","302031039",0.0557774151365512
"38","302031040",0.13163917817986
"39","302041041",0.437659657215596
"40","302041042",0.239113431455329
"41","302041043",0.251405917629755
"42","302041044",0.0956372692177567
"43","302041045",0.245586963642824
"44","302041046",0.0488817816225742
"45","303011047",0.274120960100722
"46","303011048",0.220490599624233
"47","303011049",0.0775388176339783
"48","303011050",0.109647396682366
"49","303011051",0.102484093142292
"50","303021052",0.03444083284663
"51","303021053",0.0324700252211495
"52","303021054",0.0911827328653147
"53","303021055",0.213160291933817
"54","303021056",0.167508506742225
"55","303021057",0.336686120529758
"56","303021058",0.221355193219781
"57","303021059",0.419178973011334
"58","303031060",0.259997043843009
"59","303031061",0.0464565494955638
"60","303031062",0.0767630837435101
"61","303031063",0.0191000806556034
"62","303031064",1.67321568892636
"63","303031065",0.0188869723015274
"64","303031066",0.0855999699126464
"65","303041067",0.248966242695425
"66","303041068",0.0120099867587116
"67","303041069",0.618693250209298
"68","303041070",0.340224761746324
"69","303041071",0.0619468766757806
"70","303051072",0.0897647337457814
"71","303051073",0.820818075406219
"72","303051074",0.0653603727486326
"73","303051075",0.666860322140037
"74","303051076",0.441944371190733
"75","303061077",0.255794361820336
"76","303061078",0.0469715100732438
"77","303061079",0.0448573202657646
"78","303061080",0.291594734976246
"79","304011081",0.102147100083322
"80","304011082",0.0641368934140865
"81","304011083",0.236559042709335
"82","304011084",0.0861749540523898
"83","304011085",0.187385183570768
"84","304021086",0.573136818416561
"85","304021087",3.30696385358347
"86","304021088",0.291330541014806
"87","304021089",0.177737324681727
"88","304021090",0.0454337761775725
"89","304021091",2.31637909481178
"90","304031092",0.0736040897780585
"91","304031093",0.015074117207761
"92","304031094",0.222831355188183
"93","304031095",0.188864944321624
"94","304031096",0.0572919405196677
"95","304031097",0.181519322922332
"96","304041098",0.815226585015049
"97","304041099",4.60994411029483
"98","304041100",0.0646407430502587
"99","304041101",0.0196920991774451
"100","304041102",1.45920728333518
"101","304041103",0.0684719242616817
"102","304041104",0.113626113245853
"103","305011105",0.0512100295252416
"104","305011106",0.0144203129307219
"105","305011107",0.0933378863852214
"106","305011108",0.0977629269151631
"107","305011109",0.09548491550975
"108","305011110",0.174531211427064
"109","305011111",0.0592618067677034
"110","305011112",0.110571394473203
"111","305021113",0.36065960939051
"112","305021114",0.157482913570143
"113","305021115",0.152502642584615
"114","305021116",0.0516863087905037
"115","305021117",0.0759983259945634
"116","305021118",0.193197194179581
"117","305031119",0.0897337449984731
"118","305031120",0.065738944369977
"119","305031121",0.195964054969419
"120","305031122",0.0326432523506038
"121","305031123",0.127934656991774
"122","305031124",0.285564441626351
"123","305031125",0.139496521058436
"124","305031126",0.0661328160847739
"125","305031127",0.193258745753453
"126","305031128",0.172709704200335
"127","305031129",0.149399776421442
"128","305031130",0.148568690856942
"129","305031131",0.129941809579139
"130","305041132",0.213366028536016
"131","305041133",0.0307678275727126
"132","305041134",0.115563719540529
"133","305041135",0.389578434818818
"134","305041136",0.115422276472491
"135","305041137",0.148975827559994
