"","SA2_CODE21","dFerr"
"1","301011001",17.3180307037853
"2","301011002",10.0864853670362
"3","301011003",13.9168888328466
"4","301011004",16.0165235752983
"5","301011005",12.336963116508
"6","301011006",16.5131092746159
"7","301021007",20.5886840069952
"8","301021008",18.3877337026944
"9","301021009",30.4183603981178
"10","301021011",22.1872010903829
"11","301021012",22.1554695177013
"12","301021013",25.5064792256906
"13","301031015",10.2301443122728
"14","301031016",8.47842119670168
"15","301031017",2.59285283309765
"16","301031018",5.29753566825331
"17","301031019",8.32740119421835
"18","301031020",8.25128395243302
"19","301031021",5.6702135050594
"20","302011022",15.4171480326956
"21","302011023",11.9964449434527
"22","302011024",11.4000070995391
"23","302011025",8.31442266284875
"24","302011026",9.60264998548346
"25","302021027",9.33330168144557
"26","302021028",6.87886484487785
"27","302021029",8.15621411378565
"28","302021030",7.71718726318386
"29","302021031",5.04887029809214
"30","302021032",6.10013047689697
"31","302021033",7.26672449401178
"32","302021034",5.59367053107421
"33","302031035",10.1983833438144
"34","302031036",6.78180725467271
"35","302031037",1.73112085024594
"36","302031038",6.29215889086872
"37","302031039",8.52192529499382
"38","302031040",4.21172606434397
"39","302041041",13.702650162108
"40","302041042",16.0305505482851
"41","302041043",12.5284747635929
"42","302041044",13.3443219052577
"43","302041045",11.3727255646738
"44","302041046",9.4465078700547
"45","303011047",3.71695059686273
"46","303011048",3.18539804746895
"47","303011049",4.90152639393553
"48","303011050",5.49874396648719
"49","303011051",7.39349017236938
"50","303021052",2.14770811238128
"51","303021053",2.99272639715357
"52","303021054",0.780874833082296
"53","303021055",3.01024212135477
"54","303021056",5.29641034468031
"55","303021057",5.20558823358665
"56","303021058",1.45410129667089
"57","303021059",2.86637223044115
"58","303031060",11.6478892720556
"59","303031061",9.27892265440781
"60","303031062",8.7345892487312
"61","303031063",7.26657843659343
"62","303031064",13.8063682809953
"63","303031065",8.7829821762707
"64","303031066",10.2978322507227
"65","303041067",7.85193843142876
"66","303041068",4.21345222114501
"67","303041069",8.5028617956591
"68","303041070",6.29200133211898
"69","303041071",4.24261573795759
"70","303051072",12.9727637169628
"71","303051073",15.3804643924444
"72","303051074",13.9657013041438
"73","303051075",16.5551303509362
"74","303051076",7.94446831422985
"75","303061077",14.2752209710406
"76","303061078",12.6244060908117
"77","303061079",9.9078783398392
"78","303061080",11.5016884054857
"79","304011081",8.49240510924481
"80","304011082",10.2445546210253
"81","304011083",11.9883867195347
"82","304011084",7.73744164031397
"83","304011085",10.8234612263816
"84","304021086",15.0959936744816
"85","304021087",12.0224335314436
"86","304021088",5.0934814906196
"87","304021089",5.60391543098138
"88","304021090",6.93107901463319
"89","304021091",12.5861007408691
"90","304031092",3.64976019972161
"91","304031093",5.94913101762983
"92","304031094",2.69730461482146
"93","304031095",4.72707873391293
"94","304031096",0.688109686215724
"95","304031097",1.8594500716005
"96","304041098",6.00358849262414
"97","304041099",13.6596260383176
"98","304041100",8.49915254757689
"99","304041101",7.68278590866922
"100","304041102",4.86581662521909
"101","304041103",6.89504403749007
"102","304041104",10.6793084575479
"103","305011105",0.50213663434486
"104","305011106",1.06027651355528
"105","305011107",1.04704510675602
"106","305011108",0.518806277837173
"107","305011109",0.899318287449024
"108","305011110",0.409958031582091
"109","305011111",1.07294958238864
"110","305011112",0.823172157966759
"111","305021113",1.49141255941659
"112","305021114",0.744929496315529
"113","305021115",0.816977915752173
"114","305021116",0.677468247288261
"115","305021117",2.37478487388671
"116","305021118",1.39399426303216
"117","305031119",2.12054811631588
"118","305031120",5.37127609524341
"119","305031121",1.17826714374726
"120","305031122",2.5384391218481
"121","305031123",4.69104414655031
"122","305031124",0.468101596346
"123","305031125",2.58171422332195
"124","305031126",2.47434090884258
"125","305031127",4.22932688317043
"126","305031128",0.970555653799688
"127","305031129",3.59020225226221
"128","305031130",2.73527978877716
"129","305031131",3.46728770822361
"130","305041132",4.02086052355473
"131","305041133",1.02506173622068
"132","305041134",2.95502095691683
"133","305041135",1.31759723332181
"134","305041136",2.38888978758893
"135","305041137",1.28554369445124
