"","SA2_CODE21","dFire"
"1","301011001",2.59709890266474
"2","301011002",5.00830556273862
"3","301011003",5.22604519905638
"4","301011004",1.3182062463374
"5","301011005",5.63256103129114
"6","301011006",4.04242621803147
"7","301021007",1.29301327282182
"8","301021008",2.10346616423572
"9","301021009",4.11425859246823
"10","301021011",7.12416746637994
"11","301021012",4.34219640770523
"12","301021013",2.66650872985143
"13","301031015",3.25505043198599
"14","301031016",1.76459168178966
"15","301031017",2.26692761821242
"16","301031018",3.23821353147696
"17","301031019",2.97355720486466
"18","301031020",2.22619491941175
"19","301031021",1.42162673989676
"20","302011022",2.31649210065169
"21","302011023",3.78623653208204
"22","302011024",3.09515229772261
"23","302011025",2.75282856832232
"24","302011026",3.05539765612968
"25","302021027",2.09589904666203
"26","302021028",0.838698878746251
"27","302021029",1.1266044209842
"28","302021030",2.39751689662493
"29","302021031",2.42166912611036
"30","302021032",2.76458877409764
"31","302021033",1.93190889386334
"32","302021034",2.49678777740069
"33","302031035",2.30932519773916
"34","302031036",4.94265208595653
"35","302031037",3.07968362323484
"36","302031038",3.55189886166663
"37","302031039",4.61633331356999
"38","302031040",1.88625192840892
"39","302041041",1.21880787878109
"40","302041042",2.140890023949
"41","302041043",2.42922010798459
"42","302041044",2.7207600838126
"43","302041045",1.38830792005011
"44","302041046",1.1110632972304
"45","303011047",0.914252304690593
"46","303011048",0.6194391410952
"47","303011049",2.00385660036905
"48","303011050",2.4705051393982
"49","303011051",4.24302327434202
"50","303021052",0.903456895221901
"51","303021053",2.06413763813858
"52","303021054",1.02193826661753
"53","303021055",1.32662492196067
"54","303021056",3.48326333273541
"55","303021057",3.52460694067815
"56","303021058",1.27241781398016
"57","303021059",2.27887313930229
"58","303031060",2.69328744913221
"59","303031061",2.08110639050126
"60","303031062",2.6731441421131
"61","303031063",2.59988952677655
"62","303031064",4.86196766581193
"63","303031065",0.933871558244847
"64","303031066",1.02553740437514
"65","303041067",1.73536741892745
"66","303041068",1.91360668727211
"67","303041069",0.9544069987858
"68","303041070",1.33119961283847
"69","303041071",2.74722536894659
"70","303051072",3.56798206433829
"71","303051073",4.88658966909136
"72","303051074",4.19072089475787
"73","303051075",3.8380167828852
"74","303051076",2.98181800396612
"75","303061077",3.18180779272788
"76","303061078",4.21941186538643
"77","303061079",2.08842480767008
"78","303061080",2.12300416563791
"79","304011081",0.908234847604028
"80","304011082",1.2707699346855
"81","304011083",3.08116185965497
"82","304011084",1.55774111502443
"83","304011085",2.34266936241907
"84","304021086",6.29458572528236
"85","304021087",4.22918841645053
"86","304021088",3.47640887229675
"87","304021089",3.37255476237372
"88","304021090",1.68041432071785
"89","304021091",4.25373822617752
"90","304031092",3.05014993592913
"91","304031093",2.29802658573309
"92","304031094",1.81259539237415
"93","304031095",2.82039403196799
"94","304031096",1.91059649375149
"95","304031097",0.56030523288401
"96","304041098",1.39742923958763
"97","304041099",7.37235150512878
"98","304041100",2.86591476088307
"99","304041101",2.34737598254434
"100","304041102",4.04819899684616
"101","304041103",3.44271369849268
"102","304041104",4.93143310560709
"103","305011105",0.820636016941187
"104","305011106",0.490492046015288
"105","305011107",2.42077877128148
"106","305011108",1.77886144779961
"107","305011109",1.14491400616625
"108","305011110",1.53889230460776
"109","305011111",1.13572853043223
"110","305011112",2.05539867615091
"111","305021113",2.67614972385593
"112","305021114",2.66536459330672
"113","305021115",2.57813128942799
"114","305021116",2.32134345989932
"115","305021117",1.47664194434019
"116","305021118",1.77415254918209
"117","305031119",1.22778917414016
"118","305031120",1.20446845224648
"119","305031121",1.84622277920194
"120","305031122",2.05591845283317
"121","305031123",1.87058548516973
"122","305031124",2.70746582642546
"123","305031125",0.530471454089682
"124","305031126",1.9011208654128
"125","305031127",2.17259755706783
"126","305031128",1.49430591211788
"127","305031129",1.64506592244576
"128","305031130",0.783903004737434
"129","305031131",1.38992782365244
"130","305041132",0.710040919309265
"131","305041133",2.10691030957897
"132","305041134",1.48783545339138
"133","305041135",1.56332648781053
"134","305041136",1.98016610256826
"135","305041137",1.14438390449491
