"","SA2_CODE21","dHosp"
"1","301011001",2.34789141373076
"2","301011002",9.8593755033397
"3","301011003",6.01789533207466
"4","301011004",4.79238773984577
"5","301011005",7.95452003127779
"6","301011006",5.1285723172831
"7","301021007",1.77317534038436
"8","301021008",3.34868900425058
"9","301021009",12.6235453333464
"10","301021011",8.26600443019222
"11","301021012",3.22047061209556
"12","301021013",6.30414568246738
"13","301031015",10.8091427179047
"14","301031016",11.6750615933075
"15","301031017",7.50748901555119
"16","301031018",9.04909146149434
"17","301031019",11.2988831363636
"18","301031020",13.5162765763287
"19","301031021",10.7539574072583
"20","302011022",9.24228122096642
"21","302011023",4.6702687053306
"22","302011024",4.83924338001863
"23","302011025",0.919185014926299
"24","302011026",1.29211077747243
"25","302021027",2.65465778050423
"26","302021028",1.09303921417971
"27","302021029",1.24923809048613
"28","302021030",3.15583704790341
"29","302021031",1.88058299988245
"30","302021032",2.41059957120694
"31","302021033",1.44845875853217
"32","302021034",2.45830208459267
"33","302031035",6.58244082175265
"34","302031036",9.40035703289819
"35","302031037",6.9224240077533
"36","302031038",4.51222161303853
"37","302031039",7.10597471471766
"38","302031040",4.10271794897031
"39","302041041",7.9335405225762
"40","302041042",10.9718586015105
"41","302041043",7.89195910403352
"42","302041044",9.02912065661885
"43","302041045",5.79822456416273
"44","302041046",3.93342432149673
"45","303011047",3.59033305056211
"46","303011048",5.86150943073951
"47","303011049",5.85681078930794
"48","303011050",4.42465221150456
"49","303011051",6.5512420842583
"50","303021052",1.43004656962589
"51","303021053",2.13944350456772
"52","303021054",0.933254846778956
"53","303021055",0.672751676002994
"54","303021056",2.36613456570135
"55","303021057",1.9849463574972
"56","303021058",0.765717378079415
"57","303021059",3.32278203371766
"58","303031060",3.15334073315178
"59","303031061",1.43048890523145
"60","303031062",6.04887364913206
"61","303031063",4.02627651463869
"62","303031064",8.47677570936827
"63","303031065",2.9285553077792
"64","303031066",4.43318242357489
"65","303041067",1.38751235132974
"66","303041068",3.23767144768522
"67","303041069",0.876327615421904
"68","303041070",1.28669038845609
"69","303041071",1.56606821776813
"70","303051072",5.29074088915853
"71","303051073",6.23376589158704
"72","303051074",7.87264719841291
"73","303051075",8.30539611083773
"74","303051076",3.72182459800082
"75","303061077",4.99775197518572
"76","303061078",3.24823275742354
"77","303061079",0.669122491314617
"78","303061080",2.74996613417605
"79","304011081",3.26967419999435
"80","304011082",3.59528302060511
"81","304011083",4.29273133665886
"82","304011084",1.51843363929144
"83","304011085",5.07415837919536
"84","304021086",4.31915710349652
"85","304021087",11.4453569548862
"86","304021088",4.86346286532311
"87","304021089",2.99720593425472
"88","304021090",4.94056872867033
"89","304021091",8.92670841295893
"90","304031092",4.37397544388138
"91","304031093",2.35319768558785
"92","304031094",3.415340323583
"93","304031095",3.19641725207863
"94","304031096",2.29987059218771
"95","304031097",2.01585377440806
"96","304041098",4.093392765046
"97","304041099",12.8474190000034
"98","304041100",4.56668888618796
"99","304041101",2.98373837495477
"100","304041102",4.22712258225974
"101","304041103",6.05467754301845
"102","304041104",7.47872774917086
"103","305011105",0.398314300921255
"104","305011106",1.2744050606885
"105","305011107",0.967482071614203
"106","305011108",0.391914080057417
"107","305011109",1.27085465408355
"108","305011110",0.891401354260592
"109","305011111",0.406943693004586
"110","305011112",0.961973218741206
"111","305021113",3.70708894066127
"112","305021114",3.10665012751451
"113","305021115",1.63057134588699
"114","305021116",2.57378825915079
"115","305021117",4.11958757732901
"116","305021118",2.82445729057266
"117","305031119",2.29463331341992
"118","305031120",3.56475914437749
"119","305031121",4.23229569984174
"120","305031122",4.06037811914064
"121","305031123",2.98796810643554
"122","305031124",3.54746628751393
"123","305031125",5.30281187468171
"124","305031126",1.10498932630916
"125","305031127",2.37182989908905
"126","305031128",1.26712498764442
"127","305031129",1.64066868537837
"128","305031130",1.43933282901954
"129","305031131",3.43172350620674
"130","305041132",3.79841773744429
"131","305041133",0.548495255945378
"132","305041134",2.17552557966929
"133","305041135",1.7136040070625
"134","305041136",2.10985689143067
"135","305041137",0.845594922384577
