"sa2_en","has_need_for_assistance_with_core_activities","total.y","prop_disabl"
"301011001",995,16406,0.0606485432158966
"301011002",337,7486,0.0450173657493989
"301011003",1017,15057,0.0675433353257621
"301011004",1185,18066,0.0655928263035536
"301011005",182,3833,0.0474823897730237
"301011006",589,11688,0.0503935660506502
"301021007",1360,15799,0.0860813975568074
"301021008",366,6349,0.0576468735233895
"301021009",988,17477,0.0565314413228815
"301021011",322,8255,0.0390066626287099
"301021012",974,19139,0.0508908511416479
"301021013",1311,14912,0.0879157725321888
"301021550",119,2580,0.0461240310077519
"301021551",1106,8271,0.133720227300206
"301031014",0,22,0
"301031015",475,7731,0.0614409520113827
"301031016",582,11704,0.0497265892002734
"301031017",184,4758,0.0386717108028583
"301031018",424,8774,0.0483245953954867
"301031019",248,9374,0.0264561553232345
"301031020",802,14359,0.0558534716902291
"301031021",1007,15532,0.0648338913211434
"302011022",457,7765,0.0588538312942692
"302011023",396,10370,0.0381870781099325
"302011024",828,9763,0.084809996927174
"302011025",415,9905,0.0418980312973246
"302011026",306,7901,0.0387292747753449
"302021027",792,12742,0.0621566473081149
"302021028",973,12230,0.0795584627964023
"302021029",292,6548,0.0445937690897984
"302021030",339,4505,0.0752497225305216
"302021031",473,14259,0.0331720316992776
"302021032",381,6821,0.0558569124761765
"302021033",503,7049,0.0713576393814725
"302021034",378,10229,0.0369537589207156
"302031035",492,9530,0.0516264428121721
"302031036",4,841,0.00475624256837099
"302031037",58,2043,0.0283896231032795
"302031038",264,7013,0.0376443747326394
"302031039",618,10644,0.0580608793686584
"302031040",578,13157,0.0439309873071369
"302041041",886,17280,0.0512731481481482
"302041042",484,9582,0.0505113754957211
"302041043",208,3679,0.0565371024734982
"302041044",696,6785,0.102579218865144
"302041045",1048,13999,0.0748624901778698
"302041046",623,9320,0.0668454935622318
"303011047",302,11978,0.0252128902988813
"303011048",244,6875,0.0354909090909091
"303011049",745,11672,0.0638279643591501
"303011050",379,6944,0.0545794930875576
"303011051",796,16515,0.0481986073266727
"303021052",500,11765,0.0424989375265618
"303021053",754,17654,0.0427098674521355
"303021054",212,4984,0.0425361155698234
"303021055",496,10754,0.0461223730704854
"303021056",529,8750,0.0604571428571429
"303021057",272,6392,0.0425531914893617
"303021058",445,9334,0.0476751660595672
"303021059",488,10045,0.0485813837730214
"303031060",719,15208,0.047277748553393
"303031061",285,5967,0.0477626948215183
"303031062",450,8832,0.0509510869565217
"303031063",716,15746,0.0454718658706973
"303031064",291,11087,0.0262469558942906
"303031065",740,11010,0.0672116257947321
"303031066",567,11349,0.0499603489294211
"303041067",390,5815,0.0670679277730009
"303041068",485,10646,0.0455570167198948
"303041069",268,4877,0.0549518146401476
"303041070",401,7484,0.0535809727418493
"303041071",413,10802,0.0382336604332531
"303051072",493,8973,0.0549426055945615
"303051073",833,22862,0.0364360073484385
"303051074",284,10228,0.0277669143527571
"303051075",783,16039,0.0488185048943201
"303051076",724,9672,0.0748552522746071
"303061077",465,9036,0.051460823373174
"303061078",601,14039,0.0428093169029133
"303061079",488,9034,0.0540181536417977
"303061080",1144,18032,0.0634427684117125
"304011081",404,7575,0.0533333333333333
"304011082",337,7002,0.0481291059697229
"304011083",160,4058,0.03942828979793
"304011084",733,9669,0.075809287413383
"304011085",181,4389,0.0412394622920939
"304021086",396,10397,0.038087909974031
"304021087",450,6899,0.0652268444702131
"304021088",472,10664,0.0442610652663166
"304021089",133,4316,0.0308155699721965
"304021090",384,9388,0.0409032807839795
"304021091",319,5611,0.0568526109427909
"304031092",366,7735,0.0473173884938591
"304031093",272,5250,0.0518095238095238
"304031094",367,13286,0.0276230618696372
"304031095",255,6379,0.0399749176986989
"304031096",241,12212,0.019734687192925
"304031097",275,8882,0.030961495158748
"304041098",397,8904,0.0445867026055705
"304041099",0,32,0
"304041100",683,7354,0.0928746260538482
"304041101",511,8835,0.0578381437464629
"304041102",0,0,NA
"304041103",746,16859,0.0442493623583842
"304041104",572,11519,0.049657088288914
"305011105",284,16249,0.0174779986460705
"305011106",328,9635,0.0340425531914894
"305011107",244,6321,0.0386014871064705
"305011108",421,9880,0.0426113360323887
"305011109",556,12332,0.0450859552384042
"305011110",355,16351,0.0217112103235276
"305011111",176,8447,0.0208357996921984
"305011112",425,14821,0.0286755279670737
"305021113",100,4510,0.0221729490022173
"305021114",248,7317,0.033893672270056
"305021115",164,6144,0.0266927083333333
"305021116",110,5068,0.0217048145224941
"305021117",451,14017,0.0321752158093743
"305021118",173,6781,0.0255124612888954
"305031119",115,4254,0.0270333803479079
"305031120",213,6434,0.0331053776810693
"305031121",178,5844,0.0304585900068446
"305031122",368,10623,0.0346418149298692
"305031123",116,4586,0.0252943741822939
"305031124",338,6824,0.0495310668229777
"305031125",154,4902,0.0314157486740106
"305031126",467,10902,0.0428361768482847
"305031127",185,4998,0.0370148059223689
"305031128",446,18385,0.0242589067174327
"305031129",131,3990,0.0328320802005013
"305031130",296,7899,0.0374730978604887
"305031131",541,10873,0.0497562770164628
"305041132",421,13594,0.030969545387671
"305041133",205,6018,0.0340644732469259
"305041134",282,10177,0.0277095411221382
"305041135",248,11972,0.0207150016705646
"305041136",159,5859,0.0271377368151562
"305041137",330,12362,0.0266947095939168
"Total",62648,1317508,0.0475503754056901
