"","SA2_CODE21","dPets"
"1","301011001",1.40321091799201
"2","301011002",2.38205653620121
"3","301011003",0.580368238348666
"4","301011004",0.986110124788195
"5","301011005",1.6861137890374
"6","301011006",0.916000444848357
"7","301021007",0.127099473368276
"8","301021008",1.56554873211422
"9","301021009",4.65715909422497
"10","301021011",4.00656189853955
"11","301021012",2.23956859732256
"12","301021013",0.422459274950562
"13","301031015",0.87251563064827
"14","301031016",0.895606727688898
"15","301031017",0.39727555322329
"16","301031018",0.322278431390089
"17","301031019",1.19409468099511
"18","301031020",0.772579845802902
"19","301031021",0.791355487252197
"20","302011022",1.54553855617817
"21","302011023",1.95665136577408
"22","302011024",0.727510893644436
"23","302011025",0.0561364947818842
"24","302011026",2.13982740708436
"25","302021027",0.248476877870232
"26","302021028",1.12650451086686
"27","302021029",0.953824450878943
"28","302021030",0.75713651366227
"29","302021031",0.455736594448399
"30","302021032",1.33407735080834
"31","302021033",0.6253043769734
"32","302021034",1.13199685049267
"33","302031035",1.92967427114908
"34","302031036",1.91729455199025
"35","302031037",1.718392860721
"36","302031038",0.350348005732352
"37","302031039",1.23597162599484
"38","302031040",0.506346580762186
"39","302041041",0.660001250768042
"40","302041042",2.93749945778992
"41","302041043",0.324098847160567
"42","302041044",0.0843937753890293
"43","302041045",1.00571286828835
"44","302041046",0.925267523801364
"45","303011047",0.590859726661947
"46","303011048",0.123591020331764
"47","303011049",0.138253961110733
"48","303011050",0.869219168527915
"49","303011051",1.42152163296778
"50","303021052",0.0395876293038677
"51","303021053",0.636136427717742
"52","303021054",0.519779675876901
"53","303021055",0.571878506895601
"54","303021056",0.464822261486365
"55","303021057",0.466131321965655
"56","303021058",0.46985916162212
"57","303021059",0.49859321724082
"58","303031060",0.436985179878588
"59","303031061",0.357246482079625
"60","303031062",1.20289395391617
"61","303031063",0.960191718633818
"62","303031064",2.55213152014321
"63","303031065",0.884976676080031
"64","303031066",0.97032221916361
"65","303041067",0.372191164460358
"66","303041068",0.637176404695887
"67","303041069",0.597538995032123
"68","303041070",0.639683220970939
"69","303041071",1.00713653478349
"70","303051072",0.694510137723707
"71","303051073",1.87081986856838
"72","303051074",3.22828747090048
"73","303051075",1.52540407177695
"74","303051076",0.936780966583745
"75","303061077",1.24161793444627
"76","303061078",1.6685307832439
"77","303061079",0.424641300212766
"78","303061080",0.808898739328916
"79","304011081",0.777741795532794
"80","304011082",0.84503970075395
"81","304011083",1.21953413842229
"82","304011084",1.08781752694399
"83","304011085",1.72348627798703
"84","304021086",1.36618227635578
"85","304021087",7.73902407297831
"86","304021088",1.00441425706307
"87","304021089",1.59075626927589
"88","304021090",1.31635970979598
"89","304021091",4.26771209381996
"90","304031092",0.50785491682895
"91","304031093",1.15956961249472
"92","304031094",0.864360297177723
"93","304031095",0.328447635602193
"94","304031096",1.30151805994253
"95","304031097",0.925868264082605
"96","304041098",1.32610530941194
"97","304041099",6.87662922024092
"98","304041100",0.48262161741324
"99","304041101",0.809269344143351
"100","304041102",3.31317581076251
"101","304041103",0.40931318331101
"102","304041104",2.10546085197345
"103","305011105",0.88659590331255
"104","305011106",0.6276288135425
"105","305011107",0.496668793665255
"106","305011108",0.755926028623212
"107","305011109",1.47535728192748
"108","305011110",0.506865122837664
"109","305011111",0.59782259647324
"110","305011112",1.05676096576938
"111","305021113",0.70988644305674
"112","305021114",0.475008371801419
"113","305021115",0.519889843427469
"114","305021116",0.935332552558666
"115","305021117",0.189284178880621
"116","305021118",0.403694526373132
"117","305031119",0.810460523212462
"118","305031120",1.09083047543096
"119","305031121",0.42629776141261
"120","305031122",0.993823880968747
"121","305031123",0.470463427225692
"122","305031124",0.548317025683386
"123","305031125",0.977420388476082
"124","305031126",0.915124001293257
"125","305031127",0.373400822843464
"126","305031128",0.21608772824638
"127","305031129",0.377385361980439
"128","305031130",0.590115075287484
"129","305031131",0.999307955170409
"130","305041132",0.920297890678054
"131","305041133",0.841746123736495
"132","305041134",2.01747363642493
"133","305041135",0.923401842061568
"134","305041136",0.860532911219997
"135","305041137",0.388734249610527
