"","SA2_CODE21","dSesf"
"1","301011001",2.5961326117473
"2","301011002",9.81169511333534
"3","301011003",5.42294917711193
"4","301011004",5.39313316544165
"5","301011005",7.26844387006012
"6","301011006",3.98397399431651
"7","301021007",1.31947777595884
"8","301021008",2.04458112384593
"9","301021009",2.70078575449496
"10","301021011",6.79012545848813
"11","301021012",4.39338466524191
"12","301021013",4.19690381965214
"13","301031015",10.0591621477873
"14","301031016",9.74663550170501
"15","301031017",4.4537493505372
"16","301031018",5.90450172623564
"17","301031019",8.93982119577536
"18","301031020",9.70966438451642
"19","301031021",7.36310415557285
"20","302011022",6.92926227578049
"21","302011023",5.52969164820201
"22","302011024",7.09250538408006
"23","302011025",3.92156669630914
"24","302011026",4.34534156476366
"25","302021027",4.90789096950139
"26","302021028",2.86597866741475
"27","302021029",3.30800091853644
"28","302021030",4.73822333475
"29","302021031",0.690276682695422
"30","302021032",1.51255333365798
"31","302021033",2.21640115273937
"32","302021034",2.97937630252494
"33","302031035",8.14043292904034
"34","302031036",6.45610260019801
"35","302031037",2.71941905474016
"36","302031038",5.1190776570781
"37","302031039",7.43231957516715
"38","302031040",3.30395688289018
"39","302041041",8.93211913653807
"40","302041042",9.2850835129014
"41","302041043",9.80211033862753
"42","302041044",10.8831337956438
"43","302041045",7.89081084000108
"44","302041046",5.94740388754339
"45","303011047",3.02126697026092
"46","303011048",2.71230392325831
"47","303011049",3.62134718223541
"48","303011050",4.68500127434691
"49","303011051",6.33149441352351
"50","303021052",4.57044461026378
"51","303021053",3.16347416280433
"52","303021054",3.36172319827544
"53","303021055",4.470569761142
"54","303021056",5.30868381158881
"55","303021057",4.81980585221031
"56","303021058",3.91728979138603
"57","303021059",3.6914548000065
"58","303031060",6.65080883190491
"59","303031061",5.22837951464538
"60","303031062",8.03739552470062
"61","303031063",6.16564135611648
"62","303031064",9.09254292051821
"63","303031065",5.87245030663931
"64","303031066",7.81182288836378
"65","303041067",2.02597001317469
"66","303041068",2.07681648198791
"67","303041069",3.76718084738936
"68","303041070",2.24092503653336
"69","303041071",3.69862094467545
"70","303051072",6.74569243537068
"71","303051073",3.60368458045981
"72","303051074",5.49523377015567
"73","303051075",6.27736591637498
"74","303051076",1.92137760475862
"75","303061077",3.60562198945504
"76","303061078",5.12212199109259
"77","303061079",4.67291954564126
"78","303061080",5.64824515632489
"79","304011081",6.43147951775551
"80","304011082",5.14339565593485
"81","304011083",5.21155365352259
"82","304011084",5.46549258327042
"83","304011085",5.62275917808304
"84","304021086",2.77535189276248
"85","304021087",9.2059999416731
"86","304021088",4.51124638575714
"87","304021089",5.1590082196043
"88","304021090",6.20433302751354
"89","304021091",4.22624993369942
"90","304031092",3.33123406143509
"91","304031093",3.91849699868762
"92","304031094",2.18067853034956
"93","304031095",4.59105536586108
"94","304031096",1.42677791218598
"95","304031097",1.14635796949345
"96","304041098",3.49936940037825
"97","304041099",9.70737796612333
"98","304041100",3.81162036277053
"99","304041101",4.23544258233533
"100","304041102",4.73998017431212
"101","304041103",6.91305895333123
"102","304041104",4.70429648723706
"103","305011105",3.86544452265104
"104","305011106",3.55220193259141
"105","305011107",2.43159323190478
"106","305011108",3.09112182400257
"107","305011109",2.19904474249428
"108","305011110",2.94216207185174
"109","305011111",3.31134188774626
"110","305011112",1.49728245267772
"111","305021113",1.63825537867318
"112","305021114",2.14874494931563
"113","305021115",2.49186405828057
"114","305021116",1.10989906292474
"115","305021117",1.01768292026201
"116","305021118",1.12021230339339
"117","305031119",2.46160859439388
"118","305031120",1.16332652721879
"119","305031121",0.365198690379062
"120","305031122",2.01198212915378
"121","305031123",1.25502008282366
"122","305031124",0.937823738596723
"123","305031125",1.52864483497029
"124","305031126",1.92266662144103
"125","305031127",0.328567951013756
"126","305031128",3.37541714539159
"127","305031129",0.91147800648479
"128","305031130",2.03149807374372
"129","305031131",1.66650253074312
"130","305041132",3.02234247236811
"131","305041133",1.88429814479081
"132","305041134",3.57759527877049
"133","305041135",3.14550531916221
"134","305041136",2.31010660620437
"135","305041137",1.36207500190111
