"","SA2_CODE21","dShop"
"1","301011001",1.22623777148008
"2","301011002",3.58860769139989
"3","301011003",1.16189408026931
"4","301011004",2.09458961084952
"5","301011005",1.88831181864425
"6","301011006",2.33798292458901
"7","301021007",0.856688133958328
"8","301021008",1.51285823629488
"9","301021009",2.25684859798271
"10","301021011",6.7522683597837
"11","301021012",2.90797078609424
"12","301021013",0.371145647845742
"13","301031015",0.948212752739368
"14","301031016",1.35232849280404
"15","301031017",2.088031272556
"16","301031018",2.78418157251125
"17","301031019",0.880612502071365
"18","301031020",0.686064963720808
"19","301031021",1.59229411687741
"20","302011022",2.64785078881402
"21","302011023",1.80336193608614
"22","302011024",0.541806162333759
"23","302011025",0.784499061074571
"24","302011026",1.41292050683218
"25","302021027",0.524077836976654
"26","302021028",0.165498656036256
"27","302021029",1.00921103662637
"28","302021030",1.78076396879666
"29","302021031",1.77148807338306
"30","302021032",0.321947541865788
"31","302021033",0.569007877781221
"32","302021034",1.758467199395
"33","302031035",2.21489724125285
"34","302031036",5.73111109437851
"35","302031037",3.07436001611387
"36","302031038",1.46089883046993
"37","302031039",2.44254673841165
"38","302031040",0.780425493911074
"39","302041041",1.42931905433606
"40","302041042",3.79392490388891
"41","302041043",0.361942610452593
"42","302041044",1.55135401032426
"43","302041045",0.427741122899279
"44","302041046",1.03175713015679
"45","303011047",0.50461814222118
"46","303011048",0.196853054026721
"47","303011049",1.65746580303869
"48","303011050",1.13127790393284
"49","303011051",1.43021046286627
"50","303021052",0.794466158838064
"51","303021053",1.49660817453648
"52","303021054",0.740253566058717
"53","303021055",0.821155869442511
"54","303021056",1.24887114694642
"55","303021057",1.21911750563954
"56","303021058",0.676118245742152
"57","303021059",2.02294609314577
"58","303031060",1.29798417097665
"59","303031061",0.294804380014761
"60","303031062",2.40745352946823
"61","303031063",0.652838680774441
"62","303031064",4.24649555000636
"63","303031065",0.807964395991112
"64","303031066",1.93652915367428
"65","303041067",1.54757212531166
"66","303041068",2.84967980366648
"67","303041069",0.758869816486243
"68","303041070",2.97783622154454
"69","303041071",1.87194129380658
"70","303051072",1.06612665185658
"71","303051073",2.14138558046974
"72","303051074",2.95967743296533
"73","303051075",1.65957367679552
"74","303051076",1.61998528803482
"75","303061077",1.58867086888827
"76","303061078",1.34148858357179
"77","303061079",0.819530637230665
"78","303061080",1.19574039018705
"79","304011081",1.0701218257373
"80","304011082",0.401359543769121
"81","304011083",1.57035822453815
"82","304011084",1.39802882580181
"83","304011085",1.27583006038373
"84","304021086",3.75326289255753
"85","304021087",7.07584166186597
"86","304021088",0.852042759721695
"87","304021089",1.46850910423757
"88","304021090",1.1846186599592
"89","304021091",5.53365553559668
"90","304031092",1.64465510721388
"91","304031093",1.23532382527511
"92","304031094",0.685464582804526
"93","304031095",0.209110855388892
"94","304031096",1.44204056823825
"95","304031097",0.907592233622173
"96","304041098",1.90007951336169
"97","304041099",6.81686965650667
"98","304041100",0.373465229791037
"99","304041101",0.778013500560865
"100","304041102",3.28962371264459
"101","304041103",1.096485896949
"102","304041104",1.51607395448685
"103","305011105",0.234406190660757
"104","305011106",0.169943490391656
"105","305011107",1.11063661129644
"106","305011108",0.663340251183119
"107","305011109",0.12648793037167
"108","305011110",0.236227258140639
"109","305011111",0.873819048095665
"110","305011112",1.34700222743737
"111","305021113",1.53171230104036
"112","305021114",1.53594042608666
"113","305021115",0.64310863507421
"114","305021116",1.26280859014134
"115","305021117",0.318262875706475
"116","305021118",2.00842368971986
"117","305031119",1.48639885975441
"118","305031120",1.47608837538439
"119","305031121",0.439145522512035
"120","305031122",0.568269261792086
"121","305031123",1.26014163897789
"122","305031124",0.481517267169695
"123","305031125",1.23670379012768
"124","305031126",0.608078801143606
"125","305031127",0.22086036107709
"126","305031128",0.232225562030015
"127","305031129",1.06833433076516
"128","305031130",0.402032150302443
"129","305031131",0.807074047239302
"130","305041132",1.04484016049692
"131","305041133",0.91545637675743
"132","305041134",1.86126517200846
"133","305041135",0.5133939818006
"134","305041136",0.808429045504886
"135","305041137",0.916803914778873
