"sa2_en","separate_house","semi_detached_row_or_terrace_house_townhouse_etc_with_one_storey","semi_detached_row_or_terrace_house_townhouse_etc_with_two_or_more_storeys","flat_or_apartment_in_a_one_or_two_storey_block","flat_or_apartment_attached_to_a_house","caravan","cabin_houseboat","improvised_home_tent_sleepers_out","house_or_flat_attached_to_a_shop_office_etc","total","prop_house"
"301011001",5829,231,103,118,14,0,0,6,0,6303,0.999682690782167
"301011002",2370,14,152,0,20,0,0,3,0,2564,0.99804992199688
"301011003",4852,445,182,231,14,0,0,0,0,5806,0.985876679297279
"301011004",5563,563,912,68,19,95,5,10,0,7339,0.985829132034337
"301011005",1079,134,435,25,3,48,0,0,0,1728,0.997685185185185
"301011006",3916,25,294,202,4,0,0,0,0,4451,0.997753313862053
"301021007",4281,710,777,684,13,0,5,10,0,7270,0.891334250343879
"301021008",1894,327,244,65,3,0,0,0,0,2568,0.986370716510903
"301021009",6089,168,48,124,16,0,0,4,0,6506,0.991238856440209
"301021011",2713,4,0,0,11,0,0,0,0,2732,0.998535871156662
"301021012",5861,267,559,15,4,0,17,0,0,6783,0.991154356479434
"301021013",4989,993,44,163,9,0,0,9,0,6254,0.992484809721778
"301021550",1492,53,93,171,14,34,17,17,12,1978,0.962082912032356
"301021551",5422,0,0,5,0,18,13,12,3,5500,0.995090909090909
"301031014",18,0,0,0,0,0,0,0,0,14,1.28571428571429
"301031015",2487,198,150,110,5,0,135,3,0,3328,0.927884615384615
"301031016",3644,346,552,37,5,0,0,0,0,4582,1.00043649061545
"301031017",1378,3,308,3,4,0,5,0,0,1914,0.88871473354232
"301031018",2868,61,566,87,3,0,0,0,4,3603,0.996114349153483
"301031019",2629,56,426,0,7,0,0,0,0,3125,0.99776
"301031020",4359,250,560,436,9,0,0,5,3,6243,0.900528592023066
"301031021",4836,242,840,277,10,0,0,0,0,6226,0.996627047863797
"302011022",2706,0,156,4,12,0,0,0,0,2882,0.998612074947953
"302011023",3156,202,279,19,0,0,0,3,0,3658,1.0002733734281
"302011024",2589,319,891,37,0,0,0,0,0,3851,0.996104907816152
"302011025",2691,79,1052,275,6,0,0,0,0,4450,0.922022471910112
"302011026",2453,12,273,83,0,0,0,0,0,2903,0.971753358594557
"302021027",3874,849,478,29,0,93,128,0,0,5465,0.99743824336688
"302021028",1303,144,1043,683,0,0,0,0,0,6095,0.52059064807219
"302021029",2328,0,52,98,0,0,0,0,0,2513,0.986072423398329
"302021030",1662,0,14,40,5,0,0,0,0,1734,0.992502883506344
"302021031",3644,86,586,758,9,0,0,0,0,6440,0.789285714285714
"302021032",2164,46,269,311,3,0,0,0,0,3282,0.851005484460695
"302021033",2622,32,49,4,5,0,0,0,0,2793,0.970998925886144
"302021034",3665,17,98,92,0,0,0,0,0,3998,0.968484242121061
"302031035",3099,109,388,32,9,0,0,0,0,3762,0.966772993088783
"302031036",13,0,0,0,0,0,0,0,5,38,0.473684210526316
"302031037",151,0,47,5,0,0,0,0,0,1369,0.148283418553689
"302031038",2053,71,386,310,0,0,0,0,5,3018,0.936050364479788
"302031039",3669,21,287,23,8,0,0,0,3,4118,0.974016512870325
"302031040",1586,127,982,1315,3,0,0,0,3,7194,0.558242980261329
"302041041",5627,193,376,234,5,0,0,0,0,6439,0.999378785525703
"302041042",3548,174,56,38,5,0,130,0,0,3962,0.997223624432105
"302041043",1453,86,0,135,10,0,0,0,4,1687,1.00059276822762
"302041044",2086,21,42,435,6,0,9,13,23,2864,0.920041899441341
"302041045",3651,690,1439,53,0,0,0,0,0,5949,0.98050092452513
"302041046",2332,209,494,891,6,0,0,0,0,4342,0.90557346844772
"303011047",3670,107,553,78,3,0,0,0,6,4571,0.966309341500766
"303011048",1816,3,372,27,0,125,7,0,3,2951,0.797356828193833
"303011049",2778,303,1408,196,5,0,0,0,0,5076,0.923955870764381
"303011050",1619,115,1125,68,3,0,0,0,0,3037,0.96476786302272
"303011051",5319,168,309,25,6,0,0,0,0,6032,0.966014588859416
"303021052",2246,34,984,1317,7,0,0,0,5,5630,0.815808170515098
"303021053",3312,25,757,833,8,0,0,0,3,8356,0.590952608903782
"303021054",1137,0,111,281,5,0,0,0,0,2206,0.695376246600181
"303021055",2027,13,402,1047,0,0,0,0,20,5251,0.668253665968387
"303021056",2790,16,151,270,10,0,0,0,0,3475,0.931510791366907
"303021057",1925,7,141,307,0,0,0,0,0,2705,0.879852125693161
"303021058",1124,0,29,585,3,0,0,0,0,4076,0.427134445534838
"303021059",2169,22,836,465,0,0,0,0,0,4705,0.742189160467588
"303031060",3544,214,1254,0,6,38,321,0,3,5581,0.963984948933883
"303031061",1786,31,40,48,5,0,0,0,0,2143,0.891273915072329
"303031062",2904,38,88,20,3,0,0,0,0,3109,0.981987777420392
"303031063",4300,75,830,636,5,0,0,0,3,6621,0.883401298897448
"303031064",3325,23,257,0,5,10,38,0,0,3671,0.99645873059112
"303031065",2579,171,222,231,17,0,0,0,0,4671,0.689359880111325
"303031066",3080,46,791,47,8,0,0,0,0,3984,0.996987951807229
"303041067",1687,88,222,131,0,0,0,0,0,2332,0.912521440823328
"303041068",2918,46,722,799,9,0,0,0,0,4933,0.911007500506791
"303041069",1250,253,230,77,0,0,0,0,0,1848,0.979437229437229
"303041070",2537,19,117,151,14,0,0,0,4,2866,0.991625959525471
"303041071",3742,0,115,75,9,0,0,0,0,3940,1.0002538071066
"303051072",2664,95,471,49,7,31,22,0,0,3356,0.994934445768772
"303051073",5439,144,2186,4,5,0,0,0,0,7803,0.99679610406254
"303051074",3121,33,87,10,6,0,0,0,9,3276,0.996947496947497
"303051075",4408,120,587,3,0,0,0,0,0,5126,0.998439328911432
"303051076",3386,79,327,163,5,0,0,0,3,4011,0.988032909498878
"303061077",2329,133,342,34,5,0,0,0,0,2847,0.998595012293642
"303061078",3590,118,1419,0,14,0,0,0,0,5149,0.998446300252476
"303061079",2817,123,320,15,15,0,0,0,3,3298,0.998483929654336
"303061080",5281,102,808,10,18,41,72,0,0,6344,0.998108448928121
"304011081",2578,3,167,64,0,0,0,0,0,2816,0.998579545454545
"304011082",2558,18,63,0,0,0,0,0,0,2640,0.999621212121212
"304011083",1379,71,150,0,0,0,0,0,0,1596,1.00250626566416
"304011084",2957,4,362,0,3,0,0,0,5,3538,0.941492368569813
"304011085",1497,49,0,0,0,0,0,0,0,1543,1.00194426441996
"304021086",3527,128,22,0,8,0,0,0,0,3693,0.997833739507176
"304021087",2173,57,25,115,14,0,0,0,0,2398,0.994161801501251
"304021088",3672,0,94,10,3,0,0,0,0,3784,0.998678646934461
"304021089",1431,0,0,0,8,0,0,0,0,1439,1
"304021090",3209,44,189,4,5,0,0,0,0,3473,0.993665418946156
"304021091",1736,76,0,0,16,0,0,0,0,1838,0.99455930359086
"304031092",2470,26,120,61,0,0,0,0,0,2746,0.974872541879097
"304031093",1411,46,137,312,0,0,0,0,0,2133,0.893577121425223
"304031094",2526,31,453,359,3,0,0,0,0,5694,0.592202318229715
"304031095",1512,46,404,262,6,0,3,0,9,2932,0.764665757162347
"304031096",1441,21,280,539,0,0,0,3,0,4660,0.490128755364807
"304031097",1186,8,326,713,0,0,0,0,0,4360,0.512155963302752
"304041098",1990,75,517,716,4,0,0,0,0,3908,0.844933469805527
"304041099",11,0,0,0,0,0,0,0,0,11,1
"304041100",2564,330,65,194,4,0,0,0,0,3158,0.999683343888537
"304041101",2761,0,96,247,8,0,0,0,0,3615,0.860857538035961
"304041102",0,0,0,0,0,0,0,0,0,0,NA
"304041103",5656,30,398,3,6,0,0,0,0,6163,0.988641895180918
"304041104",3705,23,7,231,3,0,0,0,0,3981,0.99698568198945
"305011105",412,4,28,84,688,0,3,66,5,8455,0.15257244234181
"305011106",104,0,92,129,37,0,0,21,0,6650,0.057593984962406
"305011107",1091,17,105,584,10,0,0,0,5,2978,0.608462055070517
"305011108",498,38,103,260,0,0,28,6,0,6129,0.152227116984826
"305011109",1348,19,285,1588,18,0,0,5,9,6993,0.467896467896468
"305011110",296,15,83,140,0,0,0,17,5,8035,0.0691972619788426
"305011111",444,7,274,131,0,0,4,6,17,3571,0.247269672360683
"305011112",1390,23,294,601,4,0,0,0,11,7681,0.302434578830881
"305021113",1144,18,273,262,0,0,0,0,0,1885,0.90026525198939
"305021114",1440,22,450,464,4,0,0,0,0,3252,0.731857318573186
"305021115",1244,0,154,535,11,0,3,5,0,2974,0.65635507733692
"305021116",1297,13,242,287,3,0,0,0,0,2127,0.866008462623413
"305021117",2790,143,1695,624,9,0,0,0,0,6299,0.835211938402921
"305021118",1888,8,290,172,5,0,0,0,0,2818,0.838537970191625
"305031119",512,4,65,223,0,0,0,0,0,2383,0.337389844733529
"305031120",1613,22,397,223,0,0,0,0,0,2853,0.790396074307746
"305031121",1100,3,265,645,0,0,0,0,4,2823,0.71448813319164
"305031122",1891,47,512,922,0,0,0,0,11,5259,0.643278189769918
"305031123",1344,5,157,102,0,0,0,0,0,1688,0.95260663507109
"305031124",989,14,327,236,0,0,0,0,0,3805,0.411563731931669
"305031125",1583,41,188,99,0,0,0,0,0,1959,0.975497702909648
"305031126",1466,9,409,401,3,0,0,0,0,4583,0.499236308095134
"305031127",1140,21,341,261,0,0,0,0,0,2235,0.788814317673378
"305031128",423,5,124,227,17,0,0,0,0,11407,0.0697817129832559
"305031129",1107,0,144,131,0,0,0,0,0,1573,0.87857596948506
"305031130",1766,9,180,442,7,0,0,0,0,3808,0.631302521008403
"305031131",1982,58,161,984,3,0,0,0,3,5170,0.617214700193424
"305041132",3908,4,121,413,4,17,0,0,0,5148,0.867715617715618
"305041133",988,0,38,195,0,0,0,0,0,2798,0.43638313080772
"305041134",3079,25,307,267,0,0,0,0,4,3803,0.968183013410465
"305041135",2843,23,476,483,9,0,0,0,27,5686,0.679036229335209
"305041136",1619,5,191,350,0,0,0,0,0,2583,0.83817266744096
"305041137",1742,10,144,566,0,0,0,0,0,6176,0.398639896373057
"Total",341744,13045,48425,33597,1419,569,957,233,276,554303,0.794267756082864
