"sa2_en","secondary_education_years_9_and_below","total","prop_uned"
"301011001",890,13135,0.0677578987438142
"301011002",348,6021,0.0577977080219233
"301011003",791,12290,0.0643612693246542
"301011004",1002,14711,0.0681122969206716
"301011005",210,3092,0.0679172056921087
"301011006",511,9544,0.0535414920368818
"301021007",852,13671,0.0623217028746983
"301021008",271,5293,0.0511996977139618
"301021009",836,13840,0.0604046242774566
"301021011",312,6329,0.0492968873439722
"301021012",822,14981,0.0548695013684
"301021013",951,12604,0.0754522373849572
"301021550",133,2211,0.060153776571687
"301021551",725,7554,0.0959756420439502
"301031014",0,22,0
"301031015",320,6297,0.0508178497697316
"301031016",640,9271,0.069032466832057
"301031017",173,3856,0.0448651452282158
"301031018",405,7088,0.0571388261851016
"301031019",258,6781,0.0380474856215897
"301031020",663,11780,0.0562818336162988
"301031021",887,12461,0.0711820881149186
"302011022",379,6102,0.0621107833497214
"302011023",352,8317,0.0423229529878562
"302011024",446,8062,0.0553212602331928
"302011025",343,8056,0.0425769612711023
"302011026",228,6260,0.0364217252396166
"302021027",617,10559,0.0584335637844493
"302021028",535,10745,0.0497906002791996
"302021029",282,5308,0.0531273549359457
"302021030",208,3605,0.0576976421636616
"302021031",495,11648,0.0424965659340659
"302021032",304,5620,0.0540925266903915
"302021033",377,5776,0.0652700831024931
"302021034",363,7991,0.0454261043674133
"302031035",542,7777,0.0696926835540697
"302031036",8,771,0.0103761348897536
"302031037",40,1893,0.0211304807184363
"302031038",240,5664,0.0423728813559322
"302031039",494,8548,0.0577912962096397
"302031040",397,11514,0.0344797637658503
"302041041",813,13712,0.0592911318553092
"302041042",542,7661,0.0707479441326198
"302041043",248,3063,0.0809663728370878
"302041044",437,5669,0.0770859058034927
"302041045",702,11321,0.0620086564791096
"302041046",546,7725,0.0706796116504854
"303011047",330,9346,0.0353092231970897
"303011048",269,5572,0.0482770997846375
"303011049",513,9544,0.0537510477787091
"303011050",243,5820,0.0417525773195876
"303011051",730,13524,0.0539781129843242
"303021052",332,10237,0.0324313763797988
"303021053",487,15003,0.0324601746317403
"303021054",186,4295,0.0433061699650757
"303021055",313,9427,0.0332025034475443
"303021056",354,6867,0.0515508955875928
"303021057",208,5212,0.0399079048349962
"303021058",208,8590,0.0242142025611176
"303021059",271,8564,0.0316440915460065
"303031060",593,12414,0.0477686483003061
"303031061",283,5141,0.0550476560980354
"303031062",442,6965,0.0634601579325197
"303031063",649,12848,0.050513698630137
"303031064",347,8372,0.0414476827520306
"303031065",511,9346,0.0546757971324631
"303031066",507,8910,0.0569023569023569
"303041067",263,4931,0.0533360373149463
"303041068",385,8772,0.0438896488828089
"303041069",233,4162,0.0559827006246997
"303041070",303,6081,0.0498273310310804
"303041071",368,8310,0.0442839951865223
"303051072",416,7001,0.0594200828453078
"303051073",885,17861,0.049549297351772
"303051074",307,7544,0.040694591728526
"303051075",697,12263,0.0568376416863736
"303051076",684,7734,0.0884406516679597
"303061077",414,6944,0.0596198156682028
"303061078",568,11399,0.0498289323624879
"303061079",484,7616,0.0635504201680672
"303061080",938,14674,0.0639225841624642
"304011081",262,6159,0.0425393732748823
"304011082",230,5626,0.0408816210451475
"304011083",120,3177,0.0377714825306893
"304011084",324,7837,0.0413423503891795
"304011085",134,3532,0.0379388448471121
"304021086",306,8041,0.0380549682875264
"304021087",192,5536,0.0346820809248555
"304021088",271,8390,0.032300357568534
"304021089",103,3315,0.0310708898944193
"304021090",230,7285,0.0315717227179135
"304021091",153,4567,0.0335012042916575
"304031092",216,5968,0.0361930294906166
"304031093",174,4227,0.0411639460610362
"304031094",287,10863,0.0264199576544233
"304031095",209,5206,0.0401459854014599
"304031096",115,10851,0.0105981015574601
"304031097",154,7675,0.0200651465798046
"304041098",272,7337,0.0370723729044569
"304041099",0,30,0
"304041100",405,5985,0.0676691729323308
"304041101",354,6984,0.0506872852233677
"304041102",0,0,NA
"304041103",509,13251,0.0384121953060146
"304041104",346,8751,0.0395383384756028
"305011105",187,14986,0.0124783130922194
"305011106",149,9159,0.0162681515449285
"305011107",233,5505,0.0423251589464124
"305011108",195,9207,0.0211795373085696
"305011109",382,11145,0.0342754598474652
"305011110",263,14787,0.017785893014134
"305011111",161,7653,0.0210375016333464
"305011112",372,12851,0.0289471636448525
"305021113",127,3577,0.0355046128040257
"305021114",215,5987,0.0359111408050777
"305021115",188,5390,0.0348794063079777
"305021116",122,4058,0.0300640709709216
"305021117",403,11519,0.0349856758399167
"305021118",136,5442,0.0249908122013965
"305031119",103,3784,0.0272198731501057
"305031120",170,5312,0.0320030120481928
"305031121",136,4936,0.0275526742301459
"305031122",282,8972,0.031431119037004
"305031123",128,3460,0.0369942196531792
"305031124",184,6096,0.0301837270341207
"305031125",148,3890,0.0380462724935733
"305031126",254,9391,0.0270471728250453
"305031127",127,4230,0.0300236406619385
"305031128",183,17253,0.0106068509824378
"305031129",130,3229,0.0402601424589656
"305031130",180,6784,0.0265330188679245
"305031131",325,9221,0.0352456349636699
"305041132",408,10702,0.0381237151934218
"305041133",101,5314,0.0190063981934513
"305041134",236,7844,0.030086690464049
"305041135",214,10217,0.0209454830184986
"305041136",129,4981,0.0258984139730978
"305041137",187,10817,0.0172876028473699
"Total",48788,1085792,0.0449330995255076
