"SA2_CODE21","aboriginal","torres_strait_islander","both_aboriginal_and_torres_strait_islander","total","prop_indigenous"
"305031119",54,10,9,4254,0.0171603196991067
"305031120",62,14,14,6434,0.0139881877525645
"301011001",555,19,39,16406,0.0373643788857735
"303051072",164,23,6,8973,0.02150897135852
"303021052",181,24,16,11765,0.0187845303867403
"305031121",72,13,0,5844,0.0145448323066393
"305041132",120,9,7,13594,0.0100044137119317
"302021027",207,4,15,12742,0.0177366190550934
"305041133",50,9,0,6018,0.00980392156862745
"302011022",239,22,21,7765,0.036316806181584
"305021113",64,3,9,4510,0.0168514412416851
"305041134",52,5,0,10177,0.00560086469490027
"304021086",87,14,9,10397,0.0105799749927864
"301011002",84,8,6,7486,0.0130911033930003
"301011003",363,16,0,15057,0.025171016802816
"302031035",276,16,22,9530,0.0329485834207765
"302041041",495,27,29,17280,0.0318865740740741
"302011023",89,0,6,10370,0.00916104146576664
"302041042",251,9,6,9582,0.0277603840534335
"302031036",10,0,0,841,0.0118906064209275
"305011105",171,16,15,16249,0.0124315342482614
NA,0,0,0,22,0
"304021087",27,0,3,6899,0.00434845629801421
"305021114",69,6,0,7317,0.010250102501025
"303051073",149,6,21,22862,0.00769836409762925
"303011047",121,12,3,11978,0.0113541492736684
"303011048",108,14,5,6875,0.0184727272727273
"301011004",535,23,32,18066,0.0326580316616849
"303011049",207,9,7,11672,0.0191055517477724
"303011050",136,9,4,6944,0.0214573732718894
"303011051",144,12,12,16515,0.010172570390554
"302011024",122,13,11,9763,0.0149544197480283
"304021088",35,4,4,10664,0.00403225806451613
"304031092",36,0,0,7735,0.00465416936005171
"302021028",337,33,31,12230,0.0327882256745707
"302021029",119,3,17,6548,0.0212278558338424
"305031122",144,19,14,10623,0.0166619598983338
"301021007",296,13,23,15799,0.021013988227103
"303041067",113,15,16,5815,0.0247635425623388
"303021053",214,12,0,17654,0.0128016313583324
"304031093",49,0,3,5250,0.0099047619047619
"302041043",78,7,0,3679,0.0231041043761892
"302031037",24,4,0,2043,0.0137053352912384
"305021115",86,5,15,6144,0.0172526041666667
"303031060",127,19,8,15208,0.0101262493424513
"304041098",199,21,16,8904,0.0265049415992812
"304041099",0,0,0,32,0
"302011025",201,35,17,9905,0.025542655224634
"303021054",81,8,5,4984,0.018860353130016
"304021089",30,0,7,4316,0.00857275254865616
"305011106",190,14,5,9635,0.0216917488323819
"302021030",92,10,11,4505,0.0250832408435072
"305031123",41,5,0,4586,0.0100305276929786
"303021055",147,11,4,10754,0.015064162172215
"305031124",87,3,0,6824,0.0131887456037515
"305021116",58,0,6,5068,0.0126282557221784
"305031125",43,6,0,4902,0.00999592003263974
"305011107",57,0,7,6321,0.010124980224648
"303021056",148,18,12,8750,0.0203428571428571
"303021057",78,0,7,6392,0.0132978723404255
"304031094",102,6,11,13286,0.0089567966280295
"304011081",91,10,4,7575,0.0138613861386139
"305011108",140,12,14,9880,0.0168016194331984
"302021031",246,22,20,14259,0.0201977698295813
"305031126",154,14,8,10902,0.0161438268207668
"304021090",60,4,0,9388,0.00681721346399659
"304041100",241,20,14,7354,0.0373946151754147
"303061077",60,3,0,9036,0.00697211155378486
"303031061",39,0,9,5967,0.00804424333836098
"301031015",162,10,14,7731,0.0240589833139309
"301031016",258,17,28,11704,0.0258885850991114
"303031062",123,21,11,8832,0.0175498188405797
"302011026",98,12,11,7901,0.0153145171497279
"304011082",70,5,0,7002,0.0107112253641817
"304041101",186,18,10,8835,0.0242218449349179
"303041068",187,9,10,10646,0.0193499906068007
"305021117",280,17,17,14017,0.022401369765285
"304041102",0,0,0,0,NA
"303031063",226,20,20,15746,0.0168931792201194
"301031017",89,14,4,4758,0.0224884405212274
"305011109",132,10,13,12332,0.0125689263704184
"305031127",79,6,0,4998,0.0170068027210884
"305031128",186,20,17,18385,0.0121294533587163
"305021118",83,6,5,6781,0.0138622622032149
NA,304,7,19,2580,0.127906976744186
"302031038",136,22,18,7013,0.0250962498217596
"302031039",255,17,24,10644,0.0278090943254416
"302031040",214,21,9,13157,0.0185452610777533
"301021008",84,0,6,6349,0.0141754607024728
"305041135",120,5,8,11972,0.0111092549281657
"303051074",111,19,23,10228,0.014958936253422
"303051075",144,10,16,16039,0.0105991645364424
"304021091",35,0,0,5611,0.0062377472821244
"305041136",68,3,5,5859,0.0129714968424646
"301021009",552,37,50,17477,0.0365623390742118
"304011083",58,0,3,4058,0.0150320354854608
"303041069",46,4,3,4877,0.0108673364773426
"303031064",64,5,11,11087,0.00721565797781185
"303051076",417,31,54,9672,0.0519023986765922
"303061078",160,7,19,14039,0.013248806895078
"303041070",177,5,10,7484,0.0256547300908605
"302041044",111,13,5,6785,0.0190125276344878
"304011084",71,0,3,9669,0.0076533250594684
"301021011",155,3,3,8255,0.0195033313143549
"304031095",46,4,5,6379,0.00862204107226838
"305011110",208,13,25,16351,0.0150449513791205
NA,324,20,16,8271,0.043525571273123
"305011111",141,8,5,8447,0.0182313247306736
"304031096",97,13,6,12212,0.0094988535866361
"302021032",193,10,14,6821,0.0318135170796071
"302021033",159,3,13,7049,0.0248262164846077
"303061079",116,14,19,9034,0.0164932477307948
"303061080",229,22,8,18032,0.0143633540372671
"302041045",287,24,31,13999,0.0244303164511751
"304031097",59,8,0,8882,0.00754334609322225
"303041071",111,14,6,10802,0.0121273838178115
"304041103",142,14,20,16859,0.0104395278486268
"301011005",93,4,9,3833,0.0276545786590138
"301021012",413,20,26,19139,0.0239824442238361
"301031018",224,6,3,8774,0.0265557328470481
"305041137",129,11,10,12362,0.0121339589063258
NA,21370,1572,1538,1317508,0.0185805323383236
"304041104",191,35,13,11519,0.0207483288479903
"303031065",200,25,27,11010,0.0228882833787466
"301021013",294,17,9,14912,0.0214592274678112
"301031019",103,5,3,9374,0.0118412630680606
"302021034",135,3,24,10229,0.0158373252517353
"301011006",227,18,11,11688,0.0219028062970568
"305011112",198,18,17,14821,0.0157209365090075
"304011085",66,0,0,4389,0.0150375939849624
"305031129",37,0,0,3990,0.00927318295739348
"305031130",152,11,10,7899,0.0219015065198126
"303031066",112,11,11,11349,0.0118072076834963
"303021058",154,8,7,9334,0.0181058495821727
"305031131",166,10,7,10873,0.0168306815046445
"301031020",418,19,28,14359,0.032383870743088
"301031021",464,35,31,15532,0.0341231006953387
"303021059",113,8,4,10045,0.0124440019910403
"302041046",410,30,30,9320,0.0504291845493562
