"sa2_en","x90_94_years","x95_99_years","x100_years_and_over","total","prop_old"
"301011001",81,22,7,16406,0.00670486407411922
"301011002",26,4,0,7486,0.00400748063051029
"301011003",128,46,3,15057,0.0117553297469615
"301011004",91,33,9,18066,0.0073618952728883
"301011005",18,7,0,3833,0.00652230628750326
"301011006",45,17,4,11688,0.00564681724845996
"301021007",249,33,6,15799,0.0182290018355592
"301021008",83,26,8,6349,0.0184280989132147
"301021009",59,21,0,17477,0.00457744464152887
"301021011",13,6,0,8255,0.00230163537250151
"301021012",98,33,6,19139,0.00715815873347615
"301021013",223,64,10,14912,0.0199168454935622
"301021550",10,3,0,2580,0.00503875968992248
"301021551",47,10,0,8271,0.00689154878491114
"301031014",0,0,0,22,0
"301031015",66,18,0,7731,0.0108653473030656
"301031016",85,19,4,11704,0.00922761449077238
"301031017",14,3,0,4758,0.003572929802438
"301031018",30,5,0,8774,0.00398905858217461
"301031019",19,0,0,9374,0.00202688286750587
"301031020",97,23,4,14359,0.00863569886482345
"301031021",119,49,11,15532,0.0115245943857842
"302011022",28,6,0,7765,0.00437862202189311
"302011023",53,17,3,10370,0.00703953712632594
"302011024",170,55,7,9763,0.023763187544812
"302011025",63,8,0,9905,0.0071680969207471
"302011026",28,9,0,7901,0.0046829515251234
"302021027",174,61,0,12742,0.0184429445926856
"302021028",228,63,16,12230,0.025102207686018
"302021029",33,19,0,6548,0.00794135613927917
"302021030",66,16,0,4505,0.0182019977802442
"302021031",66,17,4,14259,0.00610140963601936
"302021032",43,7,0,6821,0.00733030347456385
"302021033",76,38,6,7049,0.017023691303731
"302021034",80,21,0,10229,0.00987388796558803
"302031035",57,11,3,9530,0.0074501573976915
"302031036",0,0,0,841,0
"302031037",0,0,0,2043,0
"302031038",19,10,0,7013,0.00413517752744902
"302031039",86,44,0,10644,0.0122134535888764
"302031040",67,27,0,13157,0.0071444858250361
"302041041",50,6,5,17280,0.00353009259259259
"302041042",71,8,0,9582,0.00824462533917763
"302041043",24,6,0,3679,0.00815438977983148
"302041044",117,36,6,6785,0.0234340456890199
"302041045",158,31,8,13999,0.0140724337452675
"302041046",54,11,0,9320,0.00697424892703863
"303011047",52,7,4,11978,0.00525964267824345
"303011048",39,4,0,6875,0.00625454545454545
"303011049",127,39,8,11672,0.0149074708704592
"303011050",33,0,0,6944,0.00475230414746544
"303011051",118,23,0,16515,0.00853769300635786
"303021052",42,12,0,11765,0.00458988525286868
"303021053",135,36,4,17654,0.00991276764472641
"303021054",14,7,0,4984,0.00421348314606742
"303021055",67,15,0,10754,0.00762506974149154
"303021056",71,22,5,8750,0.0112
"303021057",47,11,0,6392,0.0090738423028786
"303021058",62,27,0,9334,0.00953503321191343
"303021059",78,20,0,10045,0.00975609756097561
"303031060",74,17,3,15208,0.00618095739084692
"303031061",34,0,0,5967,0.0056980056980057
"303031062",56,8,3,8832,0.00758605072463768
"303031063",86,8,0,15746,0.00596977010034294
"303031064",10,0,0,11087,0.000901957247226481
"303031065",135,30,8,11010,0.0157129881925522
"303031066",74,22,4,11349,0.00881134901753458
"303041067",33,7,0,5815,0.00687876182287188
"303041068",50,7,0,10646,0.0053541236145031
"303041069",36,10,0,4877,0.00943202788599549
"303041070",69,15,3,7484,0.0116247995724212
"303041071",62,16,0,10802,0.00722088502129235
"303051072",30,9,0,8973,0.00434637245068539
"303051073",58,16,0,22862,0.0032368121774123
"303051074",0,3,0,10228,0.000293312475557294
"303051075",92,30,4,16039,0.00785585136230438
"303051076",63,27,0,9672,0.00930521091811414
"303061077",50,27,3,9036,0.00885347498893316
"303061078",25,5,0,14039,0.00213690433791581
"303061079",36,10,5,9034,0.00564533982731902
"303061080",146,36,0,18032,0.0100931677018634
"304011081",67,19,0,7575,0.0113531353135314
"304011082",24,11,0,7002,0.00499857183661811
"304011083",17,5,0,4058,0.00542138984721538
"304011084",100,42,6,9669,0.0153066501189368
"304011085",12,0,0,4389,0.00273410799726589
"304021086",26,9,0,10397,0.00336635567952294
"304021087",107,36,8,6899,0.0218872300333382
"304021088",64,21,6,10664,0.00853338334583646
"304021089",10,5,0,4316,0.00347544022242817
"304021090",60,10,4,9388,0.00788240306774606
"304021091",109,31,5,5611,0.0258420958830868
"304031092",81,20,3,7735,0.0134453781512605
"304031093",54,5,0,5250,0.0112380952380952
"304031094",44,15,5,13286,0.00481710070751167
"304031095",32,14,0,6379,0.00721116162407901
"304031096",33,7,0,12212,0.00327546675401245
"304031097",61,17,6,8882,0.00945732943030849
"304041098",28,13,0,8904,0.00460467205750225
"304041099",0,0,0,32,0
"304041100",128,54,8,7354,0.0258362795757411
"304041101",67,24,5,8835,0.0108658743633277
"304041102",0,0,0,0,NA
"304041103",80,22,6,16859,0.00640607390711193
"304041104",58,20,0,11519,0.00677142113030645
"305011105",25,12,0,16249,0.00227706320388947
"305011106",27,8,0,9635,0.00363258951738454
"305011107",38,10,0,6321,0.007593735168486
"305011108",65,16,5,9880,0.00870445344129555
"305011109",81,34,0,12332,0.00932533246837496
"305011110",41,17,0,16351,0.00354718365849184
"305011111",12,0,0,8447,0.00142062270628626
"305011112",30,6,0,14821,0.00242898589838742
"305021113",12,0,0,4510,0.00266075388026608
"305021114",38,0,0,7317,0.00519338526718601
"305021115",9,8,0,6144,0.00276692708333333
"305021116",14,0,0,5068,0.00276243093922652
"305021117",81,13,0,14017,0.00670614254119997
"305021118",13,5,0,6781,0.00265447574104114
"305031119",25,3,3,4254,0.00728725905030559
"305031120",20,0,0,6434,0.00310848616723656
"305031121",32,9,0,5844,0.00701574264202601
"305031122",51,23,0,10623,0.00696601713263673
"305031123",19,0,0,4586,0.00414304404709987
"305031124",68,24,0,6824,0.0134818288393904
"305031125",25,3,0,4902,0.00571195430436556
"305031126",42,22,0,10902,0.00587048248027885
"305031127",13,7,0,4998,0.0040016006402561
"305031128",56,16,4,18385,0.00413380473211857
"305031129",12,3,0,3990,0.0037593984962406
"305031130",34,6,0,7899,0.00506393214330928
"305031131",69,27,5,10873,0.00928906465556884
"305041132",67,13,3,13594,0.00610563483889951
"305041133",24,6,0,6018,0.00498504486540379
"305041134",54,27,4,10177,0.00835216665028987
"305041135",24,5,0,11972,0.00242231874373538
"305041136",4,4,0,5859,0.00136542072025943
"305041137",27,8,0,12362,0.0028312570781427
"Total",7940,2235,293,1317508,0.00794530279892039
