"sa2_en","x0_4_years","total","prop_vulnrbl"
"301011001",1049,16406,0.0639400219431915
"301011002",379,7486,0.0506278386321133
"301011003",782,15057,0.0519359766221691
"301011004",1076,18066,0.0595593933355474
"301011005",223,3833,0.0581789720845291
"301011006",514,11688,0.0439767282683094
"301021007",491,15799,0.031077916323818
"301021008",262,6349,0.0412663411560876
"301021009",1057,17477,0.0604794873262001
"301021011",580,8255,0.0702604482132041
"301021012",1242,19139,0.0648936726056743
"301021013",668,14912,0.0447961373390558
"301021550",103,2580,0.039922480620155
"301021551",171,8271,0.0206746463547334
"301031014",0,22,0
"301031015",360,7731,0.0465657741559953
"301031016",697,11704,0.0595522898154477
"301031017",309,4758,0.0649432534678436
"301031018",628,8774,0.0715751082744472
"301031019",695,9374,0.0741412417324515
"301031020",789,14359,0.0549481161640783
"301031021",1038,15532,0.0668297707957765
"302011022",525,7765,0.0676110753380554
"302011023",585,10370,0.0564127290260366
"302011024",553,9763,0.0566424254839701
"302011025",683,9905,0.0689550731953559
"302011026",519,7901,0.0656878876091634
"302021027",650,12742,0.0510123999372155
"302021028",576,12230,0.0470973017170891
"302021029",382,6548,0.0583384239462431
"302021030",293,4505,0.06503884572697
"302021031",831,14259,0.0582789816957711
"302021032",421,6821,0.0617211552558276
"302021033",448,7049,0.0635551142005958
"302021034",758,10229,0.0741030403754033
"302031035",563,9530,0.0590766002098636
"302031036",13,841,0.0154577883472057
"302031037",65,2043,0.0318159569260891
"302031038",491,7013,0.070012833309568
"302031039",772,10644,0.0725291243893273
"302031040",618,13157,0.0469711940411948
"302041041",1119,17280,0.0647569444444445
"302041042",555,9582,0.0579211020663744
"302041043",175,3679,0.0475672737156836
"302041044",273,6785,0.0402358142962417
"302041045",986,13999,0.0704336024001714
"302041046",616,9320,0.0660944206008584
"303011047",868,11978,0.0724661880113542
"303011048",443,6875,0.0644363636363636
"303011049",776,11672,0.0664838930774503
"303011050",406,6944,0.0584677419354839
"303011051",787,16515,0.0476536481986073
"303021052",595,11765,0.0505737356566086
"303021053",882,17654,0.0499603489294211
"303021054",221,4984,0.0443418940609952
"303021055",513,10754,0.0477031802120141
"303021056",563,8750,0.0643428571428571
"303021057",418,6392,0.0653942428035044
"303021058",257,9334,0.0275337475894579
"303021059",535,10045,0.0532603285216526
"303031060",911,15208,0.0599026827985271
"303031061",263,5967,0.0440757499581029
"303031062",393,8832,0.0444972826086957
"303031063",944,15746,0.0599517337736568
"303031064",832,11087,0.0750428429692433
"303031065",557,11010,0.0505903723887375
"303031066",522,11349,0.0459952418715305
"303041067",321,5815,0.0552020636285469
"303041068",638,10646,0.05992861168514
"303041069",219,4877,0.0449046545007177
"303041070",477,7484,0.0637359700694816
"303041071",723,10802,0.0669320496204407
"303051072",644,8973,0.0717708681600357
"303051073",1553,22862,0.0679293150205581
"303051074",1082,10228,0.105788032850997
"303051075",1002,16039,0.0624727227383253
"303051076",666,9672,0.0688585607940447
"303061077",597,9036,0.0660690571049137
"303061078",899,14039,0.064035899992877
"303061079",417,9034,0.0461589550586673
"303061080",1030,18032,0.0571206743566992
"304011081",403,7575,0.0532013201320132
"304011082",390,7002,0.0556983718937446
"304011083",264,4058,0.0650566781665845
"304011084",458,9669,0.0473678767194126
"304011085",219,4389,0.0498974709501025
"304021086",610,10397,0.0586707704145427
"304021087",251,6899,0.0363820843600522
"304021088",501,10664,0.0469804951237809
"304021089",194,4316,0.0449490268767377
"304021090",550,9388,0.0585854282062207
"304021091",195,5611,0.0347531634289788
"304031092",400,7735,0.0517129928894635
"304031093",287,5250,0.0546666666666667
"304031094",552,13286,0.0415474936022881
"304031095",307,6379,0.0481266656215708
"304031096",368,12212,0.0301342941369145
"304031097",357,8882,0.0401936500788111
"304041098",568,8904,0.0637915543575921
"304041099",3,32,0.09375
"304041100",459,7354,0.0624150122382377
"304041101",614,8835,0.0694963214487832
"304041102",0,0,NA
"304041103",829,16859,0.049172548786998
"304041104",767,11519,0.0665856411146801
"305011105",383,16249,0.0235706812726937
"305011106",209,9635,0.0216917488323819
"305011107",148,6321,0.0234140167694985
"305011108",257,9880,0.0260121457489879
"305011109",424,12332,0.0343820953616607
"305011110",480,16351,0.0293560026909669
"305011111",229,8447,0.0271102166449627
"305011112",524,14821,0.0353552391876392
"305021113",266,4510,0.058980044345898
"305021114",395,7317,0.0539838731720651
"305021115",221,6144,0.0359700520833333
"305021116",262,5068,0.0516969218626677
"305021117",895,14017,0.063851038025255
"305021118",436,6781,0.0642973012829966
"305031119",142,4254,0.0333803479078514
"305031120",365,6434,0.0567298725520671
"305031121",263,5844,0.0450034223134839
"305031122",515,10623,0.0484797138284854
"305031123",270,4586,0.0588748364587876
"305031124",230,6824,0.033704572098476
"305031125",346,4902,0.0705834353325173
"305031126",471,10902,0.0432030820033021
"305031127",229,4998,0.0458183273309324
"305031128",508,18385,0.027631221104161
"305031129",207,3990,0.0518796992481203
"305031130",376,7899,0.0476009621471072
"305031131",508,10873,0.0467212360893958
"305041132",699,13594,0.051419744004708
"305041133",201,6018,0.0333998005982054
"305041134",578,10177,0.0567947332219711
"305041135",585,11972,0.0488640160374206
"305041136",283,5859,0.0483017579791773
"305041137",491,12362,0.0397184921533732
"Total",70524,1317508,0.0535283277217292
