sa2_code,sa2_name,sa2_area_km2,flooded_area_km2,prop_flooded
305031119,Albion,1.5042329050039929,0.7573366090652328,0.5034703113765634
305031120,Alderley,2.455037093792201,0.35184587605648593,0.1433159103567772
301011001,Alexandra Hills,13.619990338155501,0,0
303051072,Algester,3.687639829155756,0.3774497866134446,0.10235538287367328
303021052,Annerley,2.873346114259964,0.23121776825209608,0.08046986302993529
305031121,Ascot,2.46588488379623,0.38868537716464724,0.15762511044970845
305041132,Ashgrove,6.515881855306217,1.3760178722063154,0.21117907027208502
302021027,Aspley,6.253532690350844,1.3757798327104627,0.22000042229463054
305041133,Auchenflower,1.2707496941551035,0.5735583501464119,0.45135430902287926
302011022,Bald Hills,13.343632085042366,8.338582337050582,0.6249109900442903
305021113,Balmoral,1.3817592985169171,0.24773551510404265,0.1792899207336216
305041134,Bardon,4.681753480934277,0.681011023806979,0.1454606754884237
304021086,Bellbowrie - Moggill,17.407276329191983,9.395066666974895,0.5397206598725257
301011002,Belmont - Gumdale,33.08094195462445,9.1102721147781,0.27539337081979787
301011003,Birkdale,11.589626091263064,0.024181199723515186,0.0020864521023455955
302031035,Boondall,10.742405168637186,6.257181465594087,0.582474908306581
302041041,Bracken Ridge,8.103269728554558,1.4173140588106405,0.17490643978149517
302011023,Bridgeman Downs,9.471408070891604,1.3507378072873093,0.14261214353529125
302041042,Brighton (Qld),6.485263598444085,3.032375297616213,0.46757934378237553
302031036,Brisbane Airport,45.44952037935485,38.63359277712718,0.8500330136525761
305011105,Brisbane City,2.3641441350227277,1.0561937884869277,0.4467552434051463
301031014,Brisbane Port - Lytton,32.75994057483559,9.056952957259586,0.27646426697784204
304021087,Brookfield - Kenmore Hills,57.995105067830956,5.727537777547105,0.09875898613940243
305021114,Bulimba,2.059169016703218,1.377975103240103,0.6691898975084017
303051073,Calamvale - Stretton,19.72020822208945,1.8124074857416286,0.09190610288341039
303011047,Camp Hill,4.576744679806405,0.3098051417525289,0.06769115679960404
303011048,Cannon Hill,3.9491765508615058,1.5332503352934281,0.38824557867866205
301011004,Capalaba,18.87466834300886,0.0013776904282153137,7.299150391300027e-5
303011049,Carina,4.378324139957167,1.267027067806502,0.28938631021934735
303011050,Carina Heights,3.396561984260688,0.3943026525369076,0.11608875514831314
303011051,Carindale,10.187083321886778,2.602177380942844,0.2554389022569502
302011024,Carseldine,4.541657715697177,1.0316519384078715,0.22715316806949323
304021088,Chapel Hill,5.39424410472919,0.7805924186115645,0.1447083972205134
304031092,Chelmer - Graceville,3.2363190606549104,2.835731357482438,0.8762211958510023
302021028,Chermside,3.3847273075892628,0.5718742437969091,0.16895725765400602
302021029,Chermside West,3.4007618257486762,0.41035265263791076,0.12066491970444644
305031122,Clayfield,2.9238368026288004,0.45519625925099716,0.15568456448791312
301021007,Cleveland,11.846069130827866,0,0
303041067,Coopers Plains,4.378076156344693,2.4091620537990126,0.5502786995396741
303021053,Coorparoo,5.327853405928303,1.6238109636658984,0.3047777106365359
304031093,Corinda,2.8817126771401824,1.4985933975576227,0.5200356751197104
302041043,Deagon,2.815301082266961,1.2508921741979546,0.4443191465655603
302031037,Eagle Farm - Pinkenba,7.2281014356261,4.541665312433932,0.628334473842443
305021115,East Brisbane,1.8702143617186695,0.8310312555251937,0.4443508041300151
303031060,Eight Mile Plains,7.677199730013982,1.3379745181648945,0.17427897738990542
304041098,Enoggera,9.593587300147288,1.237821538597523,0.12902593158020453
304041099,Enoggera Reservoir,37.66406982740167,3.3165102353163416,0.0880550150452272
302011025,Everton Park,4.162798140228298,0.7073825736231376,0.16992958817463658
303021054,Fairfield - Dutton Park,2.077268436967453,1.2086245008227834,0.5818335653273686
304021089,Fig Tree Pocket,4.277597579717781,2.6885005985761543,0.628507134781372
305011106,Fortitude Valley,1.2735784308118894,0.3754129982783494,0.29477022317269347
302021030,Geebung,4.040706301623549,1.382539883499682,0.34215302481751264
305031123,Grange,1.7864878678451517,0.24038276350938204,0.13455605707489632
303021055,Greenslopes,2.952433969946262,0.8337240062912352,0.28238531827569036
305031124,Hamilton (Qld),1.6368996963800564,0.3351621037772414,0.2047542097530106
305021116,Hawthorne,1.3850925564461518,0.5931452320841313,0.42823508748470485
305031125,Hendra,2.689614311371505,0.818523415989592,0.30432743182876854
305011107,Highgate Hill,1.2092226614065864,0.10643023175334572,0.08801541283517168
303021056,Holland Park,3.2591097719732502,0.2537850942606798,0.07786945270856092
303021057,Holland Park West,2.564282438445364,0.33123345705019125,0.12917198670634997
304031094,Indooroopilly,7.348275633297242,3.623703199302867,0.49313653707854677
304011081,Jindalee - Mount Ommaney,4.797287000889223,2.5725947332702814,0.5362603348087005
305011108,Kangaroo Point,1.3383428671935251,0.41676951723500844,0.3114071344878646
302021031,Kedron - Gordon Park,5.215858702869803,0.8119156495673219,0.15566289192623262
305031126,Kelvin Grove - Herston,3.3663696073628793,0.773611859580863,0.2298059778964346
304021090,Kenmore,5.274801795838565,1.6923752368864158,0.3208414841713251
304041100,Keperra,5.188397526219856,0.9022642355935896,0.1739003673164878
303061077,Kuraby,4.6384416255255605,0.3968850403120597,0.0855643063670313
303031061,Macgregor (Qld),2.6833252702207937,0.523691000697938,0.19516493453469647
301031015,Manly - Lota,4.195251089672404,1.4939590677888268,0.35610718783115464
301031016,Manly West,4.902173274497367,0.4844394381279038,0.09882136166995742
303031062,Mansfield (Qld),5.30506928254991,1.3644604103493427,0.25719935738398264
302011026,McDowall,4.382407751943112,0.4687706529599561,0.10696646215818423
304011082,Middle Park - Jamboree Heights,2.6714650465709284,0.6559008292985737,0.24552102230964354
304041101,Mitchelton,4.219164182406559,0.7523722401319137,0.1783225794505038
303041068,Moorooka,4.09053126262765,0.8489435549589526,0.2075387035212667
305021117,Morningside - Seven Hills,6.639953004677222,2.069515764183913,0.3116762667937761
304041102,Mount Coot-tha,14.585792966123227,0.707038769207847,0.04847448272781645
303031063,Mount Gravatt,7.359226359401945,0.5092574929970132,0.06919986804678181
301031017,Murarrie,8.431816126354992,3.155177591204712,0.37419905082402105
305011109,New Farm,2.14209950767399,1.004371681053292,0.46887256052072684
305031127,Newmarket,1.6571886466934809,0.38890890168625775,0.23467992160230605
305031128,Newstead - Bowen Hills,3.053261644493145,1.7233680841111012,0.5644351139114997
305021118,Norman Park,2.2506362860227487,0.8647796951984692,0.38423787111629654
302031038,Northgate - Virginia,6.121967540227596,3.151857548289045,0.5148438843522304
302031039,Nudgee - Banyo,13.750869812269006,7.59460513094261,0.5522999806286027
302031040,Nundah,3.669674134237021,0.9767080393196222,0.2661566132554421
301021008,Ormiston,4.924978054371285,0,0
305041135,Paddington - Milton,3.5813200057005354,1.3998480591127707,0.3908748888355619
303051074,Pallara - Willawong,26.676854952376328,12.882254692586578,0.48290005383258455
303051075,Parkinson - Drewvale,12.66392918929296,0.8937321066147235,0.07057304990068579
304021091,Pinjarra Hills - Pullenvale,44.15501306678468,9.455710516865159,0.2141480629291933
305041136,Red Hill (Qld),1.6887674976150757,0.24866462469389894,0.14724621657218653
301021009,Redland Bay,46.8635409486925,0,0
304011083,Riverhills,2.176867477888856,1.4259048936557186,0.6550260445980721
303041069,Robertson,1.9032732444645437,0.05616871463770123,0.029511639908279916
303031064,Rochedale - Burbank,47.30863213998723,4.18662716581939,0.08849605191355085
303051076,Rocklea - Acacia Ridge,22.427522653956174,15.046250615968194,0.6708833092322866
303061078,Runcorn,6.684312642378159,1.0558537309066454,0.1579599560039417
303041070,Salisbury - Nathan,9.54021465249737,1.0122994543900858,0.10610866644652417
302041044,Sandgate - Shorncliffe,4.343913213905605,2.096817790423114,0.4827025051308215
304011084,Seventeen Mile Rocks - Sinnamon Park,5.414068247450556,2.4043000320160717,0.4440838057681002
301021011,Sheldon - Mount Cotton,65.14575138633872,9.133188495506254e-4,1.401962261720342e-5
304031095,Sherwood,2.2784721054543327,1.2951032667132285,0.5684086557886483
305011110,South Brisbane,2.015117882827066,1.2245585566228174,0.6076858168241996
305011111,Spring Hill,1.242119028363361,0.036204224004511024,0.02914714546496754
304031096,St Lucia,3.4215119467524553,1.7378688785410894,0.5079242468203556
302021032,Stafford,3.4354330343625397,0.45489829114814273,0.13241366855300998
302021033,Stafford Heights,2.9061719878269137,0.1975549375009636,0.06797771719239681
303061079,Sunnybank,4.384173680608982,0.6632066188554013,0.1512728890711462
303061080,Sunnybank Hills,6.436052931170054,0.31680325757941175,0.04922322127668051
302041045,Taigum - Fitzgibbon,6.276699269167699,2.221975364188175,0.35400379545072785
304031097,Taringa,2.1122680837212613,0.5466635834767342,0.25880407306711584
303041071,Tarragindi,4.545569812152556,0.32261334595608887,0.07097313632574377
304041103,The Gap,12.248439966070595,1.4413231485249673,0.11767401828457963
301011005,Thorneside,2.663872687140697,0.06331976697174273,0.023769817257936546
301021012,Thornlands,21.630330303714807,0,0
301031018,Tingalpa,8.918682588024206,4.820203406029831,0.540461369541538
305041137,Toowong,3.8795863892185913,0.9235793158666697,0.23806128365469725
304041104,Upper Kedron - Ferny Grove,13.192117473854228,1.4424165966707108,0.10933927775654442
303031065,Upper Mount Gravatt,4.208451978759932,0.4313990438714166,0.10250777389137114
301021013,Victoria Point,13.394870573883697,0,0
301031019,Wakerley,5.191884795875699,1.5296735933756977,0.2946277996366236
302021034,Wavell Heights,3.5762099559426623,0.4494758765030792,0.12568497992020178
301011006,Wellington Point,9.396708041667834,0,0
305011112,West End,1.963562322393639,1.246832821235545,0.6349851018304424
304011085,Westlake,1.9026581923483665,1.19019396241682,0.6255427103003806
305031129,Wilston,1.3865156446803435,0.4072970834332071,0.29375585122020603
305031130,Windsor,2.9125893134870267,1.2492083165715837,0.42889957426781855
303031066,Wishart,4.783026420193333,1.1708567777864736,0.2447941271750589
303021058,Woolloongabba,2.403284519535676,0.7059890805388752,0.29376009157470667
305031131,Wooloowin - Lutwyche,3.081747512330683,0.5599879423500513,0.1817111687798655
301031020,Wynnum,6.127826515917517,1.3524660247002633,0.2207089285551941
301031021,Wynnum West - Hemmant,12.264556592249948,6.411842055219171,0.5227944448697686
303021059,Yeronga,6.087572724309951,4.638245647434537,0.7619203675238719
302041046,Zillmere,3.6975685205286966,0.6265351100074563,0.16944516552674221
