,,,Negative income,Nil income,"$1-$149 ($1-$7,799)","$150-$299 ($7,800-$15,599)","$300-$399 ($15,600-$20,799)","$400-$499 ($20,800-$25,999)","$500-$649 ($26,000-$33,799)","$650-$799 ($33,800-$41,599)","$800-$999 ($41,600-$51,999)","$1,000-$1,249 ($52,000-$64,999)","$1,250-$1,499 ($65,000-$77,999)","$1,500-$1,749 ($78,000-$90,999)","$1,750-$1,999 ($91,000-$103,999)","$2,000-$2,499 ($104,000-$129,999)","$2,500-$2,999 ($130,000-$155,999)","$3,000-$3,499 ($156,000-$181,999)","$3,500-$3,999 ($182,000-$207,999)","$4,000-$4,499 ($208,000-$233,999)","$4,500-$4,999 ($234,000-$259,999)","$5,000-$5,999 ($260,000-$311,999)","$6,000-$7,999 ($312,000-$415,999)","$8,000 or more ($416,000 or more)",Partial income stated,All incomes not stated,Not applicable,Total
SA4,SA3,SA2,,,,,,,,,,,,,,,,,,,,,,,,,,
Brisbane East,Capalaba,Alexandra Hills,21,58,47,126,174,459,385,834,753,1200,1277,1108,1208,2439,1860,910,572,403,187,210,88,12,1128,184,550,16207
Brisbane East,Capalaba,Belmont - Gumdale,12,38,21,26,48,121,114,228,239,295,373,276,405,957,718,553,491,333,367,403,301,143,587,81,194,7339
Brisbane East,Capalaba,Birkdale,4,59,29,103,102,366,361,656,703,921,829,895,907,2036,1530,1063,759,452,386,349,223,37,1127,186,595,14680
Brisbane East,Capalaba,Capalaba,23,52,58,178,233,587,407,951,881,1281,1376,1148,1200,2571,1623,1102,665,383,266,341,134,21,1198,266,441,17374
Brisbane East,Capalaba,Thorneside,0,26,12,49,47,140,146,234,243,354,299,236,264,429,258,146,164,99,54,59,24,10,222,68,126,3725
Brisbane East,Capalaba,Wellington Point,18,73,59,78,67,201,249,440,407,665,650,614,763,1472,1181,1005,672,482,417,335,206,27,838,120,296,11357
Brisbane East,Cleveland-Stradbroke,Cleveland,12,138,96,165,274,644,509,897,784,1000,986,762,796,1512,1094,739,638,413,362,349,344,69,941,314,861,14704
Brisbane East,Cleveland-Stradbroke,Ormiston,7,31,21,42,51,180,152,303,257,379,355,248,339,533,538,362,341,216,283,181,156,21,451,70,179,5702
Brisbane East,Cleveland-Stradbroke,Redland Bay,21,84,58,70,139,321,357,656,724,953,977,985,998,2231,1713,929,684,488,376,341,123,33,1184,223,672,15348
Brisbane East,Cleveland-Stradbroke,Sheldon - Mount Cotton,5,26,13,16,26,72,122,195,233,315,430,409,591,1288,973,665,551,264,295,204,153,61,620,92,181,7814
Brisbane East,Cleveland-Stradbroke,Thornlands,4,46,60,78,109,288,281,538,516,836,930,818,972,1913,1648,1088,921,564,477,454,267,46,1014,182,515,14575
Brisbane East,Cleveland-Stradbroke,Victoria Point,26,71,53,125,132,542,461,976,846,968,1040,1045,945,1859,1339,799,604,280,283,203,140,45,1064,234,666,14735
Brisbane East,Cleveland-Stradbroke,Redland Islands,28,136,75,199,294,927,606,1201,799,875,617,462,328,461,220,177,120,61,52,50,56,13,559,359,679,9355
Brisbane East,Wynnum-Manly,Brisbane Port - Lytton,0,0,0,0,0,0,0,0,0,0,0,0,3,0,0,0,0,0,0,0,0,0,0,4,4,12
Brisbane East,Wynnum-Manly,Manly - Lota,12,69,19,68,93,269,170,309,290,410,426,321,357,849,654,444,517,288,301,233,197,29,513,107,352,7304
Brisbane East,Wynnum-Manly,Manly West,9,62,47,77,95,310,254,557,511,688,671,580,633,1241,1189,913,635,457,385,267,142,25,1000,147,339,11238
Brisbane East,Wynnum-Manly,Murarrie,0,17,11,25,21,91,54,116,128,210,279,178,213,487,471,304,232,187,154,184,114,7,338,53,181,4058
Brisbane East,Wynnum-Manly,Tingalpa,10,17,14,53,81,235,215,402,414,593,552,545,653,1122,979,591,398,247,202,178,70,14,555,117,264,8522
Brisbane East,Wynnum-Manly,Wakerley,8,25,16,25,35,78,123,152,250,403,356,411,470,1238,964,907,812,565,452,493,230,29,615,54,238,8955
Brisbane East,Wynnum-Manly,Wynnum,12,74,37,135,210,518,304,606,574,828,752,698,686,1465,1162,909,645,507,407,426,240,25,995,206,625,13050
Brisbane East,Wynnum-Manly,Wynnum West - Hemmant,23,58,41,152,163,531,426,712,742,1064,1127,798,1017,2026,1323,862,562,390,258,194,72,18,1037,262,724,14573
Brisbane North,Bald Hills-Everton Park,Bald Hills,21,44,24,52,42,146,151,336,324,596,584,534,510,1112,697,525,320,194,120,99,66,0,448,92,227,7272
Brisbane North,Bald Hills-Everton Park,Bridgeman Downs,18,37,47,47,28,149,93,199,210,309,395,300,383,834,747,701,644,572,439,518,405,86,660,87,205,8107
Brisbane North,Bald Hills-Everton Park,Carseldine,7,50,27,43,61,235,232,377,350,526,567,499,587,1168,842,718,447,290,234,249,181,6,585,130,581,9005
Brisbane North,Bald Hills-Everton Park,Everton Park,11,28,19,68,97,267,245,372,474,600,608,610,556,1200,788,538,445,262,250,213,114,3,609,90,221,8693
Brisbane North,Bald Hills-Everton Park,McDowall,5,35,23,43,40,105,110,228,243,338,412,409,446,1032,912,626,497,451,294,261,161,22,504,83,246,7528
Brisbane North,Chermside,Aspley,20,80,56,130,139,416,351,579,601,803,795,686,689,1482,1268,863,687,382,324,298,223,28,845,216,376,12318
Brisbane North,Chermside,Chermside,9,84,43,135,238,439,288,546,619,767,734,585,624,1123,717,383,240,97,58,62,63,10,468,239,1730,10277
Brisbane North,Chermside,Chermside West,4,22,18,25,49,160,109,326,261,408,389,391,350,897,696,603,317,212,98,113,80,14,444,126,91,6214
Brisbane North,Chermside,Geebung,5,11,16,31,38,111,104,169,201,314,301,255,278,544,526,329,256,117,106,62,40,4,316,80,96,4297
Brisbane North,Chermside,Kedron - Gordon Park,27,86,45,97,130,331,278,434,553,851,779,706,751,1491,1213,1010,843,592,554,603,400,42,842,178,599,13444
Brisbane North,Chermside,Stafford,4,78,30,53,111,238,222,358,355,382,463,399,377,805,619,390,278,184,147,158,53,16,355,122,213,6417
Brisbane North,Chermside,Stafford Heights,4,37,35,72,105,210,178,350,330,454,424,399,406,744,665,557,352,163,158,194,73,5,492,86,296,6784
Brisbane North,Chermside,Wavell Heights,33,53,21,52,94,234,172,299,332,491,483,509,491,1171,997,848,690,408,461,447,301,55,695,97,229,9657
Brisbane North,Nundah,Boondall,4,64,38,59,84,282,225,384,472,701,710,680,712,1243,996,546,341,241,180,133,63,0,588,108,416,9286
Brisbane North,Nundah,Brisbane Airport,0,0,0,0,0,0,3,0,0,0,3,10,0,8,16,12,9,0,3,0,8,0,11,0,101,191
Brisbane North,Nundah,Eagle Farm - Pinkenba,8,11,3,0,4,7,9,39,31,68,60,53,48,89,61,32,41,12,19,27,19,6,43,5,83,792
Brisbane North,Nundah,Northgate - Virginia,13,22,29,63,87,191,139,243,219,362,339,386,426,736,764,501,335,253,248,200,134,16,403,100,359,6568
Brisbane North,Nundah,Nudgee - Banyo,3,47,46,70,108,192,255,324,367,540,610,540,622,1346,981,695,541,338,236,181,108,13,694,105,511,9474
Brisbane North,Nundah,Nundah,22,87,53,133,187,410,326,478,673,873,798,791,799,1642,1029,713,534,318,228,304,182,53,633,141,672,12067
Brisbane North,Sandgate,Bracken Ridge,20,76,68,97,142,408,379,808,805,1149,1263,1293,1327,2567,1747,1202,636,358,336,258,90,21,1144,190,451,16820
Brisbane North,Sandgate,Brighton (Qld),11,36,23,73,120,329,239,439,448,617,538,561,540,1282,1001,623,481,206,231,194,135,28,701,119,418,9396
Brisbane North,Sandgate,Deagon,9,31,11,41,45,157,131,202,220,261,279,221,217,435,325,188,164,53,71,16,21,3,232,92,131,3554
Brisbane North,Sandgate,Sandgate - Shorncliffe,16,49,18,54,134,268,159,265,249,300,386,301,280,660,560,425,383,317,257,272,115,15,426,122,717,6733
Brisbane North,Sandgate,Taigum - Fitzgibbon,8,106,50,109,150,434,368,619,680,1019,931,845,869,1752,1097,679,491,173,126,116,33,18,742,189,653,12243
Brisbane North,Sandgate,Zillmere,23,68,33,109,213,408,378,559,607,897,806,663,609,1082,576,339,190,66,82,58,28,11,544,162,435,8960
Brisbane South,Carindale,Camp Hill,14,45,33,60,65,221,187,275,272,427,490,487,468,1217,982,849,947,661,714,604,626,65,783,104,398,11001
Brisbane South,Carindale,Cannon Hill,9,31,14,48,58,169,101,194,221,278,300,299,342,613,561,422,360,301,220,218,129,9,368,99,375,5730
Brisbane South,Carindale,Carina,25,65,48,85,106,306,258,472,472,626,590,659,665,1449,1121,877,629,325,245,243,125,31,691,159,632,10905
Brisbane South,Carindale,Carina Heights,4,69,20,67,82,237,197,294,322,446,389,458,413,874,581,447,310,213,176,145,96,18,346,84,335,6612
Brisbane South,Carindale,Carindale,19,133,67,63,67,329,349,573,494,724,741,702,779,1671,1464,1243,1020,865,839,975,581,142,1236,169,370,15611
Brisbane South,Holland Park-Yeronga,Annerley,30,136,55,193,189,383,290,455,486,690,695,586,649,1307,967,772,579,321,320,302,212,33,761,148,840,11395
Brisbane South,Holland Park-Yeronga,Coorparoo,14,113,53,137,162,402,332,541,654,938,878,813,894,1810,1459,961,957,582,712,719,668,114,948,124,885,15866
Brisbane South,Holland Park-Yeronga,Fairfield - Dutton Park,3,53,36,68,87,211,121,153,199,293,238,272,272,483,431,285,278,158,123,130,153,24,401,61,245,4796
Brisbane South,Holland Park-Yeronga,Greenslopes,14,70,35,71,130,276,195,338,407,545,602,606,572,1122,808,571,478,235,282,255,231,49,551,104,943,9492
Brisbane South,Holland Park-Yeronga,Holland Park,10,35,25,95,121,262,217,279,292,408,373,343,415,973,821,688,548,335,379,285,229,24,551,97,421,8225
Brisbane South,Holland Park-Yeronga,Holland Park West,10,32,11,54,79,152,110,250,233,319,318,361,329,814,669,466,422,241,192,269,184,46,377,54,289,6275
Brisbane South,Holland Park-Yeronga,Woolloongabba,10,110,30,106,101,193,115,204,213,317,337,296,261,581,485,298,248,164,133,128,109,24,399,89,1518,6447
Brisbane South,Holland Park-Yeronga,Yeronga,10,61,39,95,147,243,177,334,373,472,494,491,445,920,763,665,646,334,373,401,452,56,639,122,657,9400
Brisbane South,Mt Gravatt,Eight Mile Plains,49,365,117,136,149,380,396,607,803,1147,1006,945,1037,1895,1340,971,775,418,350,417,310,46,1169,246,598,15663
Brisbane South,Mt Gravatt,Macgregor (Qld),40,215,76,107,85,238,184,293,247,489,413,375,335,709,483,278,222,132,73,105,69,9,588,80,174,6004
Brisbane South,Mt Gravatt,Mansfield (Qld),13,51,35,95,77,211,264,476,387,483,593,538,483,1207,916,678,427,294,215,183,113,20,588,110,247,8699
Brisbane South,Mt Gravatt,Mount Gravatt,14,130,55,154,235,495,399,643,689,937,941,789,902,1668,1464,1091,853,406,356,444,247,44,825,155,923,14855
Brisbane South,Mt Gravatt,Rochedale - Burbank,21,119,38,38,34,70,104,185,208,279,284,254,326,700,736,528,457,257,298,379,240,77,536,111,158,6438
Brisbane South,Mt Gravatt,Upper Mount Gravatt,35,292,80,170,132,332,274,463,491,692,648,538,562,989,791,468,396,171,173,98,123,9,516,114,1009,9572
Brisbane South,Mt Gravatt,Wishart,17,132,45,89,95,246,215,529,510,704,680,614,753,1347,1088,738,627,386,300,253,137,6,774,116,351,10757
Brisbane South,Nathan,Coopers Plains,15,81,37,77,117,207,222,314,265,423,381,352,398,703,450,298,212,63,35,48,33,13,379,81,505,5705
Brisbane South,Nathan,Moorooka,7,108,44,118,153,355,277,417,465,737,698,616,625,1326,992,756,563,283,275,239,119,29,585,121,407,10313
Brisbane South,Nathan,Robertson,22,170,58,97,71,160,193,252,296,373,305,280,315,479,398,339,197,110,107,163,90,29,405,95,317,5318
Brisbane South,Nathan,Salisbury - Nathan,4,29,22,31,52,204,177,297,325,455,467,492,444,859,746,484,330,105,145,72,63,0,415,91,880,7199
Brisbane South,Nathan,Tarragindi,17,43,30,55,53,188,191,349,297,473,527,472,525,1142,1115,928,797,549,538,558,377,62,692,96,502,10563
Brisbane South,Rocklea-Acacia Ridge,Algester,0,44,28,61,78,196,240,483,455,664,698,608,634,1261,857,405,328,181,92,56,23,12,598,84,357,8454
Brisbane South,Rocklea-Acacia Ridge,Calamvale - Stretton,53,397,180,248,169,450,441,965,1186,1648,1759,1427,1482,2782,1877,1253,1026,504,422,389,243,68,1677,215,830,21704
Brisbane South,Rocklea-Acacia Ridge,Pallara - Willawong,5,45,10,37,19,44,70,93,184,277,308,273,301,734,604,436,289,124,144,111,74,9,330,28,181,4728
Brisbane South,Rocklea-Acacia Ridge,Parkinson - Drewvale,24,172,76,108,80,224,258,546,658,949,1044,950,965,2430,1958,1363,812,490,383,332,162,16,1053,143,482,15687
Brisbane South,Rocklea-Acacia Ridge,Rocklea - Acacia Ridge,41,84,59,160,165,443,332,683,765,810,803,710,565,986,559,302,188,65,46,50,16,10,726,205,799,9573
Brisbane South,Sunnybank,Kuraby,11,120,39,85,72,183,212,336,442,625,613,479,481,1161,836,503,467,242,169,226,130,30,582,71,299,8427
Brisbane South,Sunnybank,Runcorn,37,262,89,191,151,371,447,730,834,1266,1291,1185,1161,1945,1293,673,482,241,110,178,91,11,1035,167,431,14681
Brisbane South,Sunnybank,Sunnybank,34,272,100,162,131,336,187,364,591,808,768,570,589,930,657,466,303,198,151,142,124,8,804,120,349,9157
Brisbane South,Sunnybank,Sunnybank Hills,45,369,134,243,200,530,566,853,1028,1455,1351,1038,1104,2270,1515,961,636,413,297,306,171,83,1584,250,967,18355
Brisbane West,Centenary,Jindalee - Mount Ommaney,7,52,31,64,52,134,154,300,295,359,474,348,404,850,790,667,472,279,246,373,210,32,603,68,255,7520
Brisbane West,Centenary,Middle Park - Jamboree Heights,6,35,35,56,59,150,144,231,292,492,461,474,502,1053,799,564,381,195,182,171,94,12,465,64,101,7012
Brisbane West,Centenary,Riverhills,10,22,13,29,34,87,122,166,188,249,253,282,241,651,529,286,183,70,77,50,32,9,305,28,109,4022
Brisbane West,Centenary,Seventeen Mile Rocks - Sinnamon Park,15,64,32,51,46,127,155,247,330,395,447,476,507,1158,911,917,663,533,491,449,248,54,668,66,461,9506
Brisbane West,Centenary,Westlake,9,22,26,31,33,50,76,94,131,184,225,210,214,552,425,367,330,231,176,176,179,44,429,33,58,4292
Brisbane West,Kenmore-Brookfield-Moggill,Bellbowrie - Moggill,21,62,24,41,59,151,154,293,400,553,545,591,588,1372,1233,806,645,408,373,346,167,40,850,89,243,10056
Brisbane West,Kenmore-Brookfield-Moggill,Brookfield - Kenmore Hills,4,55,20,31,25,87,82,96,162,234,241,199,244,575,494,421,570,530,452,465,351,146,710,70,415,6684
Brisbane West,Kenmore-Brookfield-Moggill,Chapel Hill,0,54,48,65,57,178,151,223,352,453,383,414,516,1063,868,823,832,583,695,621,448,95,915,82,314,10232
Brisbane West,Kenmore-Brookfield-Moggill,Fig Tree Pocket,0,31,6,10,26,44,34,50,101,114,125,142,121,321,308,272,347,333,314,346,359,60,411,30,116,4006
Brisbane West,Kenmore-Brookfield-Moggill,Kenmore,14,69,26,44,67,202,147,251,329,440,458,502,435,1074,820,793,581,489,365,437,283,48,662,79,99,8722
Brisbane West,Kenmore-Brookfield-Moggill,Pinjarra Hills - Pullenvale,0,28,16,42,25,54,50,103,107,182,170,172,150,501,496,353,475,379,428,349,353,86,544,77,182,5313
Brisbane West,Sherwood-Indooroopilly,Chelmer - Graceville,4,31,33,50,41,111,78,162,155,296,273,295,256,738,626,589,686,450,502,519,384,76,631,67,226,7269
Brisbane West,Sherwood-Indooroopilly,Corinda,4,28,18,36,56,131,111,177,215,211,291,221,235,499,379,336,364,179,230,245,183,49,332,32,210,4779
Brisbane West,Sherwood-Indooroopilly,Indooroopilly,22,394,88,155,174,229,328,415,511,693,727,730,594,1242,856,545,677,456,439,509,520,106,1006,136,723,12275
Brisbane West,Sherwood-Indooroopilly,Sherwood,0,23,24,42,55,154,134,184,178,290,271,274,317,560,482,354,402,266,355,383,239,29,312,73,197,5599
Brisbane West,Sherwood-Indooroopilly,St Lucia,48,748,166,338,128,334,412,379,563,624,646,618,461,895,507,396,453,277,203,343,381,52,681,150,3763,13550
Brisbane West,Sherwood-Indooroopilly,Taringa,13,237,72,120,110,242,255,314,414,618,553,518,561,874,578,421,478,249,260,268,249,25,600,97,316,8418
Brisbane West,The Gap-Enoggera,Enoggera,0,63,28,77,150,229,167,261,343,403,395,435,393,857,658,464,445,254,282,154,162,0,617,89,1153,8076
Brisbane West,The Gap-Enoggera,Enoggera Reservoir,0,0,0,0,0,4,0,0,0,0,0,3,0,0,0,0,0,5,0,4,0,0,0,0,4,24
Brisbane West,The Gap-Enoggera,Keperra,6,45,33,121,99,330,319,421,429,549,508,411,405,815,643,445,238,143,106,71,50,0,429,130,307,7051
Brisbane West,The Gap-Enoggera,Mitchelton,10,40,22,59,111,203,193,280,319,494,444,393,492,1034,802,721,541,340,304,205,186,32,579,79,370,8262
Brisbane West,The Gap-Enoggera,Mount Coot-tha,0,0,0,0,0,0,0,0,0,0,0,0,0,0,0,0,0,0,0,0,0,0,0,0,0,0
Brisbane West,The Gap-Enoggera,The Gap,11,104,45,102,83,286,289,441,566,841,852,718,849,1776,1796,1350,1249,891,847,863,513,72,1197,100,480,16309
Brisbane West,The Gap-Enoggera,Upper Kedron - Ferny Grove,3,33,23,44,52,120,135,265,331,489,505,578,617,1522,1140,964,692,439,268,355,181,11,723,81,265,9814
Brisbane Inner City,Brisbane Inner,Brisbane City,66,518,115,143,147,210,225,312,403,531,607,486,600,1170,560,397,715,280,251,242,227,49,636,451,8785,18133
Brisbane Inner City,Brisbane Inner,Fortitude Valley,19,93,29,133,125,208,189,231,360,387,520,406,465,844,491,348,351,128,122,117,78,21,312,133,1871,7964
Brisbane Inner City,Brisbane Inner,Highgate Hill,7,83,28,91,124,165,200,242,207,354,436,308,230,685,457,321,311,200,193,192,236,37,555,90,693,6437
Brisbane Inner City,Brisbane Inner,Kangaroo Point,16,125,38,144,104,161,170,253,363,459,454,425,454,893,517,405,579,211,244,240,280,52,519,188,1807,9111
Brisbane Inner City,Brisbane Inner,New Farm,49,93,44,141,181,347,272,385,412,579,621,535,573,1203,763,682,817,380,380,537,592,78,785,170,2164,12763
Brisbane Inner City,Brisbane Inner,South Brisbane,34,287,62,105,80,121,145,205,279,412,344,376,373,797,389,362,454,134,182,162,138,26,372,155,3509,9498
Brisbane Inner City,Brisbane Inner,Spring Hill,28,159,43,94,91,149,137,193,241,358,344,373,355,635,350,239,296,144,197,173,94,24,321,181,2913,8139
Brisbane Inner City,Brisbane Inner,West End,13,131,57,113,157,253,199,296,384,470,504,461,456,994,810,584,668,336,315,317,311,47,691,151,934,9676
Brisbane Inner City,Brisbane Inner-East,Balmoral,0,24,5,20,41,81,52,90,119,155,172,167,147,432,364,274,358,237,260,275,268,33,320,47,206,4146
Brisbane Inner City,Brisbane Inner-East,Bulimba,9,70,20,28,32,75,74,145,166,234,237,214,238,597,528,404,546,399,418,435,439,117,522,65,546,6552
Brisbane Inner City,Brisbane Inner-East,East Brisbane,7,36,40,94,80,170,100,186,196,357,315,320,291,593,467,307,331,198,198,229,236,40,352,102,452,5704
Brisbane Inner City,Brisbane Inner-East,Hawthorne,3,11,16,30,31,57,70,94,109,185,167,198,188,483,389,293,366,346,314,389,434,58,411,44,127,4811
Brisbane Inner City,Brisbane Inner-East,Morningside - Seven Hills,21,69,43,98,116,262,224,359,438,618,693,673,636,1498,1208,969,960,585,490,487,364,24,791,124,628,12364
Brisbane Inner City,Brisbane Inner-East,Norman Park,0,29,17,33,32,101,99,135,174,237,251,251,243,578,506,526,521,342,371,370,519,46,495,54,264,6195
Brisbane Inner City,Brisbane Inner-North,Albion,4,27,7,21,23,47,74,70,94,155,175,133,153,300,229,181,158,116,76,105,89,11,182,43,437,2933
Brisbane Inner City,Brisbane Inner-North,Alderley,9,33,25,46,64,164,115,163,211,327,307,310,341,624,490,391,415,255,320,350,241,39,376,46,189,5854
Brisbane Inner City,Brisbane Inner-North,Ascot,3,47,21,41,64,125,98,168,183,268,240,238,183,464,360,223,320,225,265,340,354,89,392,60,392,5169
Brisbane Inner City,Brisbane Inner-North,Clayfield,18,83,51,111,93,258,225,339,447,615,618,600,475,1080,723,493,644,474,444,443,442,121,671,126,797,10392
Brisbane Inner City,Brisbane Inner-North,Grange,0,15,10,18,25,80,54,89,119,160,138,193,157,398,315,331,378,315,326,293,271,29,302,45,98,4170
Brisbane Inner City,Brisbane Inner-North,Hamilton (Qld),7,91,22,48,48,126,126,187,218,328,316,267,346,592,411,283,437,244,239,296,364,74,415,94,1101,6670
Brisbane Inner City,Brisbane Inner-North,Hendra,8,42,19,36,32,64,82,95,139,175,193,183,203,446,304,290,399,263,298,283,315,43,364,72,386,4744
Brisbane Inner City,Brisbane Inner-North,Kelvin Grove - Herston,40,618,118,181,116,230,306,279,487,664,597,583,516,976,503,482,462,270,274,274,214,16,561,144,2084,10994
Brisbane Inner City,Brisbane Inner-North,Newmarket,13,43,27,31,64,157,135,132,143,320,219,222,222,550,445,253,277,250,229,234,215,15,335,56,313,4900
Brisbane Inner City,Brisbane Inner-North,Newstead - Bowen Hills,22,103,34,89,85,185,177,269,323,496,490,470,529,1236,727,644,819,354,377,426,432,43,534,122,2414,11413
Brisbane Inner City,Brisbane Inner-North,Wilston,5,22,12,35,46,61,63,96,97,113,151,166,179,384,191,191,278,211,317,251,425,39,311,48,156,3849
Brisbane Inner City,Brisbane Inner-North,Windsor,9,61,32,69,96,185,137,231,298,353,454,334,382,777,643,432,412,324,311,352,319,38,495,86,420,7236
Brisbane Inner City,Brisbane Inner-North,Wooloowin - Lutwyche,11,59,36,83,79,263,240,308,344,494,527,475,468,1071,774,610,645,482,419,438,382,52,605,107,668,9642
Brisbane Inner City,Brisbane Inner-West,Ashgrove,17,66,57,75,101,222,231,289,339,484,558,543,495,1329,993,948,1076,728,891,954,909,137,1049,152,515,13153
Brisbane Inner City,Brisbane Inner-West,Auchenflower,12,69,12,77,50,95,95,155,178,247,319,320,276,590,354,320,381,171,300,269,299,50,320,39,957,5955
Brisbane Inner City,Brisbane Inner-West,Bardon,12,60,31,37,61,125,128,221,229,364,402,298,335,747,739,634,838,559,760,790,771,134,693,85,515,9562
Brisbane Inner City,Brisbane Inner-West,Paddington - Milton,23,127,32,87,104,187,152,208,316,403,502,528,431,1121,727,690,803,502,613,610,742,148,883,82,684,10719
Brisbane Inner City,Brisbane Inner-West,Red Hill (Qld),10,19,16,42,64,129,113,138,178,263,274,281,247,515,442,363,416,249,304,292,258,49,391,47,560,5665
Brisbane Inner City,Brisbane Inner-West,Toowong,28,384,76,141,112,253,292,306,449,557,657,634,583,1070,700,579,518,372,341,518,366,89,663,94,1252,11024
,,Total,1977,12748,5432,11190,12796,31186,27827,46374,51039,71344,72007,66015,68014,141588,107102,78286,67567,41962,39268,39250,30480,5315,83615,15596,86613,1214604